종목명,년도,성별,필기시험접수,필기시험응시,필기시험합격,필기시험합격률(%),실기시험접수,실기시험응시,실기시험합격,실기시험합격률(%),자격취득자현황(명)
기사합계,전체,전체,12768971,9173922,3374690,36.8,6376359,5252904,2054716,39.1,2135107
기사합계,2015(누적),전체,10345992,7402481,2641944,35.7,5030726,4112015,1584160,38.5,1664551
기사합계,2016,전체,451651,324625,125203,38.6,219527,189610,82070,43.3,82070
기사합계,2016,여자,89468,68080,28951,42.5,47175,41690,19749,47.4,19751
기사합계,2017,전체,468829,340250,128581,37.8,236142,201420,83274,41.3,83274
기사합계,2017,여자,91603,70077,28864,41.2,49803,43227,17161,39.7,17161
기사합계,2018,전체,476572,345833,135170,39.1,247097,210000,89380,42.6,89380
기사합계,2018,여자,94994,72130,31413,43.6,54017,46478,21473,46.2,21476
기사합계,2019,전체,539460,392925,173686,44.2,299932,256468,114955,44.8,114883
기사합계,2019,여자,110917,85169,40609,47.7,67141,58441,27741,47.5,27722
기사합계,2020,전체,486467,367808,170106,46.2,342935,283391,100877,35.6,100949
기사합계,2020,여자,109495,85770,42890,50,81542,67202,23420,34.9,23441
생산관리분야,전체,전체,181597,129053,48871,37.9,79970,68306,25305,37,33928
생산관리분야,2015(누적),전체,155787,110459,40366,36.5,65031,55471,19900,35.9,28523
생산관리분야,2016,전체,5480,3872,1553,40.1,2752,2393,953,39.8,953
생산관리분야,2016,여자,1235,929,408,43.9,714,629,262,41.7,262
생산관리분야,2017,전체,5787,4166,1759,42.2,3077,2680,910,34,910
생산관리분야,2017,여자,1421,1056,446,42.2,756,673,237,35.2,237
생산관리분야,2018,전체,4827,3500,1523,43.5,2806,2424,1143,47.2,1143
생산관리분야,2018,여자,1295,973,405,41.6,674,598,297,49.7,297
생산관리분야,2019,전체,5159,3664,1679,45.8,2897,2489,837,33.6,837
생산관리분야,2019,여자,1326,984,458,46.5,737,646,217,33.6,217
생산관리분야,2020,전체,4557,3392,1991,58.7,3407,2849,1562,54.8,1562
생산관리분야,2020,여자,1382,1041,616,59.2,996,845,474,56.1,475
공정관리,전체,전체,8629,6041,1601,26.5,1191,1049,358,34.1,0
공정관리,2015(누적),전체,8629,6041,1601,26.5,1191,1049,358,34.1,0
품질경영,전체,전체,62835,43003,16198,37.7,29302,24612,10195,41.4,33815
품질경영,2015(누적),전체,37273,24612,7802,31.7,14534,11930,4819,40.4,28439
품질경영,2016,전체,5450,3846,1534,39.9,2721,2365,950,40.2,950
품질경영,2016,여자,1226,923,403,43.7,705,621,262,42.2,262
품질경영,2017,전체,5741,4126,1739,42.1,3046,2653,900,33.9,900
품질경영,2017,여자,1411,1047,440,42,746,664,236,35.5,236
품질경영,2018,전체,4774,3459,1506,43.5,2773,2395,1139,47.6,1139
품질경영,2018,여자,1284,964,401,41.6,663,589,296,50.3,296
품질경영,2019,전체,5099,3617,1644,45.5,2858,2454,835,34,835
품질경영,2019,여자,1310,973,450,46.2,728,639,217,34,217
품질경영,2020,전체,4498,3343,1973,59,3370,2815,1552,55.1,1552
품질경영,2020,여자,1370,1030,614,59.6,989,838,473,56.4,474
품질관리,전체,전체,109150,79211,30765,38.8,49039,42253,14639,34.6,0
품질관리,2015(누적),전체,109150,79211,30765,38.8,49039,42253,14639,34.6,0
포장,전체,전체,983,798,307,38.5,438,392,113,28.8,113
포장,2015(누적),전체,735,595,198,33.3,267,239,84,35.1,84
포장,2016,전체,30,26,19,73.1,31,28,3,10.7,3
포장,2016,여자,9,6,5,83.3,9,8,0,0,0
포장,2017,전체,46,40,20,50,31,27,10,37,10
포장,2017,여자,10,9,6,66.7,10,9,1,11.1,1
포장,2018,전체,53,41,17,41.5,33,29,4,13.8,4
포장,2018,여자,11,9,4,44.4,11,9,1,11.1,1
포장,2019,전체,60,47,35,74.5,39,35,2,5.7,2
포장,2019,여자,16,11,8,72.7,9,7,0,0,0
포장,2020,전체,59,49,18,36.7,37,34,10,29.4,10
포장,2020,여자,12,11,2,18.2,7,7,1,14.3,1
디자인분야,전체,전체,98100,75798,47166,62.2,60693,48536,21566,44.4,21573
디자인분야,2015(누적),전체,80696,62248,38630,62.1,50555,39899,17802,44.6,17809
디자인분야,2016,전체,3449,2623,1575,60,1864,1585,824,52,824
디자인분야,2016,여자,3045,2336,1427,61.1,1683,1435,766,53.4,766
디자인분야,2017,전체,3430,2639,1623,61.5,2076,1754,681,38.8,681
디자인분야,2017,여자,3009,2327,1439,61.8,1871,1594,641,40.2,641
디자인분야,2018,전체,3288,2500,1495,59.8,2045,1705,739,43.3,739
디자인분야,2018,여자,2898,2207,1327,60.1,1801,1515,677,44.7,678
디자인분야,2019,전체,3418,2642,1668,63.1,2136,1818,853,46.9,853
디자인분야,2019,여자,2993,2321,1467,63.2,1897,1627,781,48,781
디자인분야,2020,전체,3819,3146,2175,69.1,2017,1775,667,37.6,667
디자인분야,2020,여자,3207,2650,1828,69,1797,1586,617,38.9,617
서비스·경험디자인,전체,전체,744,609,550,90.3,0,0,0,0,0
서비스·경험디자인,2020,전체,744,609,550,90.3,0,0,0,0,0
서비스·경험디자인,2020,여자,509,409,375,91.7,0,0,0,0,0
제품디자인,전체,전체,1750,1351,495,36.6,537,439,213,48.5,220
제품디자인,2015(누적),전체,1565,1210,410,33.9,461,371,166,44.7,173
제품디자인,2016,전체,40,30,14,46.7,16,13,10,76.9,10
제품디자인,2016,여자,18,15,6,40,5,3,1,33.3,1
제품디자인,2017,전체,34,24,19,79.2,19,16,7,43.8,7
제품디자인,2017,여자,17,14,12,85.7,12,10,5,50,5
제품디자인,2018,전체,40,32,23,71.9,22,21,19,90.5,19
제품디자인,2018,여자,19,13,9,69.2,7,7,7,100,7
제품디자인,2019,전체,38,30,13,43.3,10,9,7,77.8,7
제품디자인,2019,여자,19,14,7,50,6,6,5,83.3,5
제품디자인,2020,전체,33,25,16,64,9,9,4,44.4,4
제품디자인,2020,여자,19,15,10,66.7,4,4,2,50,2
시각디자인,전체,전체,6504,5134,3373,65.7,3927,3364,1641,48.8,1641
시각디자인,2015(누적),전체,4994,3906,2474,63.3,2934,2456,1145,46.6,1145
시각디자인,2016,전체,238,183,117,63.9,153,139,60,43.2,60
시각디자인,2016,여자,182,143,95,66.4,123,112,50,44.6,50
시각디자인,2017,전체,323,250,189,75.6,181,165,67,40.6,67
시각디자인,2017,여자,250,196,146,74.5,137,127,52,40.9,52
시각디자인,2018,전체,259,212,156,73.6,196,180,137,76.1,137
시각디자인,2018,여자,199,158,118,74.7,146,133,107,80.5,107
시각디자인,2019,전체,328,281,196,69.8,205,178,111,62.4,111
시각디자인,2019,여자,255,220,153,69.5,159,135,87,64.4,87
시각디자인,2020,전체,362,302,241,79.8,258,246,121,49.2,121
시각디자인,2020,여자,297,249,200,80.3,211,200,104,52,104
컬러리스트,전체,전체,89102,68704,42748,62.2,56229,44733,19712,44.1,19712
컬러리스트,2015(누적),전체,74137,57132,35746,62.6,47160,37072,16491,44.5,16491
컬러리스트,2016,전체,3171,2410,1444,59.9,1695,1433,754,52.6,754
컬러리스트,2016,여자,2845,2178,1326,60.9,1555,1320,715,54.2,715
컬러리스트,2017,전체,3073,2365,1415,59.8,1876,1573,607,38.6,607
컬러리스트,2017,여자,2742,2117,1281,60.5,1722,1457,584,40.1,584
컬러리스트,2018,전체,2989,2256,1316,58.3,1827,1504,583,38.8,583
컬러리스트,2018,여자,2680,2036,1200,58.9,1648,1375,563,40.9,564
컬러리스트,2019,전체,3052,2331,1459,62.6,1921,1631,735,45.1,735
컬러리스트,2019,여자,2719,2087,1307,62.6,1732,1486,689,46.4,689
컬러리스트,2020,전체,2680,2210,1368,61.9,1750,1520,542,35.7,542
컬러리스트,2020,여자,2382,1977,1243,62.9,1582,1382,511,37,511
건축분야,전체,전체,1293013,902729,275765,30.5,658919,508894,156177,30.7,170396
건축분야,2015(누적),전체,1127154,787635,235419,29.9,574824,440932,129014,29.3,143233
건축분야,2016,전체,32150,22038,6403,29.1,14916,12235,4294,35.1,4294
건축분야,2016,여자,9577,6983,2135,30.6,4661,3931,1379,35.1,1380
건축분야,2017,전체,32929,22488,7154,31.8,15262,12444,5264,42.3,5264
건축분야,2017,여자,9358,6775,2176,32.1,4470,3769,1616,42.9,1616
건축분야,2018,전체,33322,23021,7957,34.6,15729,12771,5354,41.9,5354
건축분야,2018,여자,9794,7187,2561,35.6,4691,3907,1785,45.7,1785
건축분야,2019,전체,36065,24709,8931,36.1,17459,14186,5928,41.8,5928
건축분야,2019,여자,10892,7969,3011,37.8,5377,4525,1948,43,1948
건축분야,2020,전체,31393,22838,9901,43.4,20729,16326,6323,38.7,6323
건축분야,2020,여자,9789,7455,3419,45.9,6833,5503,2275,41.3,2275
실내건축,전체,전체,118653,84207,34613,41.1,57894,40430,13686,33.9,13686
실내건축,2015(누적),전체,98877,69337,27508,39.7,49290,33156,9108,27.5,9108
실내건축,2016,전체,3652,2658,1115,41.9,1266,1081,670,62,670
실내건축,2016,여자,2404,1809,749,41.4,845,739,499,67.5,499
실내건축,2017,전체,3794,2776,1226,44.2,1483,1286,729,56.7,729
실내건축,2017,여자,2419,1808,773,42.8,951,850,507,59.6,507
실내건축,2018,전체,4112,3124,1507,48.2,1675,1415,1054,74.5,1054
실내건축,2018,여자,2642,2052,1003,48.9,1108,970,757,78,757
실내건축,2019,전체,4436,3335,1614,48.4,1975,1672,997,59.6,997
실내건축,2019,여자,2824,2216,1069,48.2,1294,1129,732,64.8,732
실내건축,2020,전체,3782,2977,1643,55.2,2205,1820,1128,62,1128
실내건축,2020,여자,2466,2007,1137,56.7,1512,1281,836,65.3,836
건축,전체,전체,1078552,756282,221949,29.3,559089,436615,132647,30.4,146860
건축,2015(누적),전체,947147,665935,193533,29.1,492935,383147,112504,29.4,126717
건축,2016,전체,25553,17489,4502,25.7,12262,10072,3127,31,3127
건축,2016,여자,6804,4924,1294,26.3,3655,3067,831,27.1,832
건축,2017,전체,26126,17731,5028,28.4,12084,9845,4108,41.7,4108
건축,2017,여자,6612,4746,1311,27.6,3346,2789,1075,38.5,1075
건축,2018,전체,26453,18070,5583,30.9,12280,9971,3861,38.7,3861
건축,2018,여자,6812,4917,1468,29.9,3396,2792,980,35.1,980
건축,2019,전체,28605,19351,6275,32.4,13422,10891,4340,39.8,4340
건축,2019,여자,7675,5485,1823,33.2,3876,3227,1161,36,1161
건축,2020,전체,24668,17706,7028,39.7,16106,12689,4707,37.1,4707
건축,2020,여자,6991,5220,2160,41.4,5070,4030,1389,34.5,1389
건축설비,전체,전체,95808,62240,19203,30.9,41936,31849,9844,30.9,9850
건축설비,2015(누적),전체,81130,52363,14378,27.5,32599,24629,7402,30.1,7408
건축설비,2016,전체,2945,1891,786,41.6,1388,1082,497,45.9,497
건축설비,2016,여자,369,250,92,36.8,161,125,49,39.2,49
건축설비,2017,전체,3009,1981,900,45.4,1695,1313,427,32.5,427
건축설비,2017,여자,327,221,92,41.6,173,130,34,26.2,34
건축설비,2018,전체,2757,1827,867,47.5,1774,1385,439,31.7,439
건축설비,2018,여자,340,218,90,41.3,187,145,48,33.1,48
건축설비,2019,전체,3024,2023,1042,51.5,2062,1623,591,36.4,591
건축설비,2019,여자,393,268,119,44.4,207,169,55,32.5,55
건축설비,2020,전체,2943,2155,1230,57.1,2418,1817,488,26.9,488
건축설비,2020,여자,332,228,122,53.5,251,192,50,26,50
토목분야,전체,전체,1093985,777426,253535,32.6,490794,431544,177945,41.2,192003
토목분야,2015(누적),전체,960624,684069,220033,32.2,430538,378218,150671,39.8,164729
토목분야,2016,전체,26853,18706,6421,34.3,11124,9968,5542,55.6,5542
토목분야,2016,여자,3222,2524,982,38.9,1622,1477,833,56.4,833
토목분야,2017,전체,26942,18765,6543,34.9,11388,10138,5027,49.6,5027
토목분야,2017,여자,3401,2651,1000,37.7,1659,1507,746,49.5,746
토목분야,2018,전체,26782,18737,6636,35.4,11224,10003,5527,55.3,5527
토목분야,2018,여자,3644,2791,1085,38.9,1726,1577,862,54.7,862
토목분야,2019,전체,27779,19148,6869,35.9,13862,12324,5587,45.3,5587
토목분야,2019,여자,4007,3050,1207,39.6,2299,2114,946,44.7,946
토목분야,2020,전체,25005,18001,7033,39.1,12658,10893,5591,51.3,5591
토목분야,2020,여자,4265,3286,1469,44.7,2468,2157,1142,52.9,1142
콘크리트,전체,전체,45621,29935,9931,33.2,13426,11997,7477,62.3,7477
콘크리트,2015(누적),전체,31384,21106,6726,31.9,8458,7570,4871,64.3,4871
콘크리트,2016,전체,2622,1652,698,42.3,940,854,490,57.4,490
콘크리트,2016,여자,118,74,36,48.6,45,39,22,56.4,22
콘크리트,2017,전체,3058,1873,704,37.6,1099,999,588,58.9,588
콘크리트,2017,여자,137,93,38,40.9,49,45,26,57.8,26
콘크리트,2018,전체,2940,1788,631,35.3,976,858,514,59.9,514
콘크리트,2018,여자,131,85,35,41.2,45,40,23,57.5,23
콘크리트,2019,전체,2988,1797,646,35.9,1004,882,547,62,547
콘크리트,2019,여자,129,82,38,46.3,59,57,38,66.7,38
콘크리트,2020,전체,2629,1719,526,30.6,949,834,467,56,467
콘크리트,2020,여자,161,104,37,35.6,50,40,26,65,26
토목,전체,전체,673004,489471,144891,29.6,307219,281938,109617,38.9,119891
토목,2015(누적),전체,601698,438002,128709,29.4,273563,252125,95327,37.8,105601
토목,2016,전체,14971,10722,3005,28,6202,5593,2943,52.6,2943
토목,2016,여자,1721,1370,385,28.1,788,724,382,52.8,382
토목,2017,전체,14382,10385,3125,30.1,6333,5653,2563,45.3,2563
토목,2017,여자,1822,1410,439,31.1,832,754,356,47.2,356
토목,2018,전체,14060,10118,3073,30.4,5917,5283,2941,55.7,2941
토목,2018,여자,1919,1477,439,29.7,817,749,424,56.6,424
토목,2019,전체,14377,10304,3424,33.2,8166,7321,2837,38.8,2837
토목,2019,여자,2096,1630,553,33.9,1245,1134,438,38.6,438
토목,2020,전체,13516,9940,3555,35.8,7038,5963,3006,50.4,3006
토목,2020,여자,2259,1755,664,37.8,1264,1063,567,53.3,567
항로표지,전체,전체,2021,1545,775,50.2,992,894,415,46.4,415
항로표지,2015(누적),전체,1445,1101,528,48,737,656,294,44.8,294
항로표지,2016,전체,91,69,22,31.9,25,22,18,81.8,18
항로표지,2016,여자,20,16,6,37.5,5,5,4,80,4
항로표지,2017,전체,85,59,22,37.3,21,20,10,50,10
항로표지,2017,여자,19,16,5,31.3,4,4,1,25,1
항로표지,2018,전체,110,84,51,60.7,46,43,25,58.1,25
항로표지,2018,여자,16,10,6,60,3,3,3,100,3
항로표지,2019,전체,157,123,94,76.4,83,78,44,56.4,44
항로표지,2019,여자,29,27,26,96.3,19,17,11,64.7,11
항로표지,2020,전체,133,109,58,53.2,80,75,24,32,24
항로표지,2020,여자,31,25,17,68,20,19,5,26.3,5
측량및지형공간정보,전체,전체,119541,77276,27431,35.5,53502,44472,16420,36.9,18588
측량및지형공간정보,2015(누적),전체,104767,67663,24021,35.5,47413,39069,13837,35.4,16005
측량및지형공간정보,2016,전체,2951,1882,585,31.1,1013,887,425,47.9,425
측량및지형공간정보,2016,여자,396,293,125,42.7,194,181,93,51.4,93
측량및지형공간정보,2017,전체,2959,1852,658,35.5,1158,1031,462,44.8,462
측량및지형공간정보,2017,여자,381,278,124,44.6,196,176,88,50,88
측량및지형공간정보,2018,전체,3055,2037,753,37,1267,1142,596,52.2,596
측량및지형공간정보,2018,여자,431,321,135,42.1,201,188,106,56.4,106
측량및지형공간정보,2019,전체,3248,2095,718,34.3,1335,1178,564,47.9,564
측량및지형공간정보,2019,여자,500,362,159,43.9,264,244,126,51.6,126
측량및지형공간정보,2020,전체,2561,1747,696,39.8,1316,1165,536,46,536
측량및지형공간정보,2020,여자,514,384,175,45.6,286,265,137,51.7,137
지적,전체,전체,85798,59102,19057,32.2,35281,30163,13302,44.1,14340
지적,2015(누적),전체,74566,50906,15179,29.8,29045,24712,10563,42.7,11601
지적,2016,전체,2006,1447,740,51.1,1078,930,514,55.3,514
지적,2016,여자,449,347,198,57.1,274,242,144,59.5,144
지적,2017,전체,2121,1544,691,44.8,1064,934,584,62.5,584
지적,2017,여자,466,384,162,42.2,276,247,148,59.9,148
지적,2018,전체,2360,1709,830,48.6,1144,1008,444,44,444
지적,2018,여자,537,403,211,52.4,277,243,111,45.7,111
지적,2019,전체,2379,1719,707,41.1,1456,1259,573,45.5,573
지적,2019,여자,603,447,208,46.5,396,363,166,45.7,166
지적,2020,전체,2366,1777,910,51.2,1494,1320,624,47.3,624
지적,2020,여자,653,522,285,54.6,461,413,194,47,194
해양1급,전체,전체,0,0,0,0,0,0,0,0,29
해양1급,2015(누적),전체,0,0,0,0,0,0,0,0,29
해양환경,전체,전체,4941,4154,1973,47.5,2747,2583,1138,44.1,1163
해양환경,2015(누적),전체,3019,2492,946,38,1304,1195,447,37.4,472
해양환경,2016,전체,363,301,168,55.8,273,266,138,51.9,138
해양환경,2016,여자,130,112,68,60.7,112,111,57,51.4,57
해양환경,2017,전체,381,338,212,62.7,283,269,86,32,86
해양환경,2017,여자,137,127,84,66.1,111,108,30,27.8,30
해양환경,2018,전체,405,357,246,68.9,337,322,170,52.8,170
해양환경,2018,여자,153,135,102,75.6,147,140,70,50,70
해양환경,2019,전체,372,324,188,58,278,267,161,60.3,161
해양환경,2019,여자,147,133,81,60.9,121,120,65,54.2,65
해양환경,2020,전체,401,342,213,62.3,272,264,136,51.5,136
해양환경,2020,여자,170,149,100,67.1,128,127,64,50.4,64
해양자원개발,전체,전체,847,647,253,39.1,343,274,73,26.6,76
해양자원개발,2015(누적),전체,717,548,204,37.2,269,215,44,20.5,47
해양자원개발,2016,전체,34,26,14,53.8,20,17,5,29.4,5
해양자원개발,2016,여자,6,6,5,83.3,9,7,1,14.3,1
해양자원개발,2017,전체,26,20,13,65,21,16,4,25,4
해양자원개발,2017,여자,7,7,6,85.7,11,7,2,28.6,2
해양자원개발,2018,전체,23,16,7,43.8,15,12,9,75,9
해양자원개발,2018,여자,5,4,1,25,6,4,4,100,4
해양자원개발,2019,전체,25,17,10,58.8,12,9,6,66.7,6
해양자원개발,2019,여자,7,5,3,60,4,2,1,50,1
해양자원개발,2020,전체,22,20,5,25,6,5,5,100,5
해양자원개발,2020,여자,7,7,1,14.3,1,1,1,100,1
해양공학,전체,전체,1586,1088,296,27.2,466,390,129,33.1,134
해양공학,2015(누적),전체,1477,1013,266,26.3,413,344,126,36.6,131
해양공학,2016,전체,33,24,16,66.7,19,17,0,0,0
해양공학,2016,여자,5,4,1,25,1,1,0,0,0
해양공학,2017,전체,25,16,6,37.5,17,14,0,0,0
해양공학,2017,여자,4,3,1,33.3,1,1,0,0,0
해양공학,2018,전체,16,11,2,18.2,8,7,1,14.3,1
해양공학,2018,여자,3,2,0,0,0,0,0,0,0
해양공학,2019,전체,20,13,2,15.4,4,3,1,33.3,1
해양공학,2019,여자,7,4,1,25,1,1,0,0,0
해양공학,2020,전체,15,11,4,36.4,5,5,1,20,1
해양공학,2020,여자,3,3,2,66.7,3,3,0,0,0
응용지질,전체,전체,21202,16817,6587,39.2,10921,9687,3636,37.5,4146
응용지질,2015(누적),전체,18812,14911,5815,39,9718,8572,3074,35.9,3584
응용지질,2016,전체,485,381,169,44.4,251,225,148,65.8,148
응용지질,2016,여자,136,122,49,40.2,66,57,40,70.2,40
응용지질,2017,전체,511,402,107,26.6,179,165,54,32.7,54
응용지질,2017,여자,145,129,36,27.9,62,58,19,32.8,19
응용지질,2018,전체,506,419,163,38.9,247,233,94,40.3,94
응용지질,2018,여자,151,137,60,43.8,95,89,35,39.3,35
응용지질,2019,전체,490,384,144,37.5,240,220,107,48.6,107
응용지질,2019,여자,141,118,51,43.2,81,80,35,43.8,35
응용지질,2020,전체,398,320,189,59.1,286,272,159,58.5,159
응용지질,2020,여자,131,111,72,64.9,107,102,60,58.8,60
건설재료시험,전체,전체,134356,93812,41023,43.7,63857,47479,24974,52.6,24978
건설재료시험,2015(누적),전체,118542,83398,36562,43.8,57899,42379,21452,50.6,21456
건설재료시험,2016,전체,3130,2085,967,46.4,1265,1125,855,76,855
건설재료시험,2016,여자,233,174,107,61.5,126,109,90,82.6,90
건설재료시험,2017,전체,3233,2157,974,45.2,1159,987,650,65.9,650
건설재료시험,2017,여자,275,198,104,52.5,114,104,73,70.2,73
건설재료시험,2018,전체,3162,2094,841,40.2,1213,1046,731,69.9,731
건설재료시험,2018,여자,294,215,96,44.7,135,121,86,71.1,86
건설재료시험,2019,전체,3538,2226,882,39.6,1203,1037,717,69.1,717
건설재료시험,2019,여자,340,235,82,34.9,104,92,65,70.7,65
건설재료시험,2020,전체,2751,1852,797,43,1118,905,569,62.9,569
건설재료시험,2020,여자,330,222,114,51.4,143,120,85,70.8,85
철도보선,전체,전체,3630,2562,988,38.6,1555,1250,550,44,0
철도보선,2015(누적),전체,3630,2562,988,38.6,1555,1250,550,44,0
철도토목,전체,전체,1438,1017,330,32.4,485,417,214,51.3,766
철도토목,2015(누적),전체,567,367,89,24.3,164,131,86,65.6,638
철도토목,2016,전체,167,117,37,31.6,38,32,6,18.8,6
철도토목,2016,여자,8,6,2,33.3,2,1,0,0,0
철도토목,2017,전체,161,119,31,26.1,54,50,26,52,26
철도토목,2017,여자,8,6,1,16.7,3,3,3,100,3
철도토목,2018,전체,145,104,39,37.5,54,49,2,4.1,2
철도토목,2018,여자,4,2,0,0,0,0,0,0,0
철도토목,2019,전체,185,146,54,37,81,70,30,42.9,30
철도토목,2019,여자,8,7,5,71.4,5,4,1,25,1
철도토목,2020,전체,213,164,80,48.8,94,85,64,75.3,64
철도토목,2020,여자,6,4,2,50,5,4,3,75,3
조경분야,전체,전체,191468,147558,27415,18.6,60672,50049,16966,33.9,18861
조경분야,2015(누적),전체,164481,126651,23157,18.3,52125,42972,13873,32.3,15768
조경분야,2016,전체,5694,4289,727,17,1496,1228,584,47.6,584
조경분야,2016,여자,2200,1723,353,20.5,631,541,289,53.4,289
조경분야,2017,전체,5646,4371,840,19.2,1524,1267,555,43.8,555
조경분야,2017,여자,2186,1757,337,19.2,580,486,252,51.9,252
조경분야,2018,전체,4992,3858,931,24.1,1846,1538,691,44.9,691
조경분야,2018,여자,1971,1559,378,24.2,700,599,300,50.1,300
조경분야,2019,전체,5712,4505,704,15.6,1700,1412,561,39.7,561
조경분야,2019,여자,2316,1893,296,15.6,663,588,268,45.6,268
조경분야,2020,전체,4943,3884,1056,27.2,1981,1632,702,43,702
조경분야,2020,여자,2054,1682,471,28,851,716,342,47.8,342
조경,전체,전체,191468,147558,27415,18.6,60672,50049,16966,33.9,18861
조경,2015(누적),전체,164481,126651,23157,18.3,52125,42972,13873,32.3,15768
조경,2016,전체,5694,4289,727,17,1496,1228,584,47.6,584
조경,2016,여자,2200,1723,353,20.5,631,541,289,53.4,289
조경,2017,전체,5646,4371,840,19.2,1524,1267,555,43.8,555
조경,2017,여자,2186,1757,337,19.2,580,486,252,51.9,252
조경,2018,전체,4992,3858,931,24.1,1846,1538,691,44.9,691
조경,2018,여자,1971,1559,378,24.2,700,599,300,50.1,300
조경,2019,전체,5712,4505,704,15.6,1700,1412,561,39.7,561
조경,2019,여자,2316,1893,296,15.6,663,588,268,45.6,268
조경,2020,전체,4943,3884,1056,27.2,1981,1632,702,43,702
조경,2020,여자,2054,1682,471,28,851,716,342,47.8,342
도시.교통분야,전체,전체,120416,88652,38977,44,87535,63805,16784,26.3,19003
도시.교통분야,2015(누적),전체,102224,74516,31116,41.8,70390,50723,12997,25.6,15216
도시.교통분야,2016,전체,3391,2551,1370,53.7,2595,1951,790,40.5,790
도시.교통분야,2016,여자,1089,855,488,57.1,862,697,306,43.9,306
도시.교통분야,2017,전체,3610,2789,1427,51.2,3089,2342,563,24,563
도시.교통분야,2017,여자,1189,956,476,49.8,1010,819,208,25.4,208
도시.교통분야,2018,전체,3846,2941,1537,52.3,3625,2808,667,23.8,667
도시.교통분야,2018,여자,1351,1073,608,56.7,1363,1084,257,23.7,257
도시.교통분야,2019,전체,3887,3013,1766,58.6,3904,3010,718,23.9,718
도시.교통분야,2019,여자,1312,1048,635,60.6,1502,1208,285,23.6,285
도시.교통분야,2020,전체,3458,2842,1761,62,3932,2971,1049,35.3,1049
도시.교통분야,2020,여자,1317,1125,705,62.7,1593,1221,439,36,439
도시계획,전체,전체,83332,61989,26754,43.2,57672,41806,10847,25.9,13064
도시계획,2015(누적),전체,70924,52150,21436,41.1,46871,33843,8472,25,10689
도시계획,2016,전체,2219,1689,867,51.3,1540,1074,523,48.7,523
도시계획,2016,여자,757,599,331,55.3,517,404,221,54.7,221
도시계획,2017,전체,2421,1940,946,48.8,1774,1241,431,34.7,431
도시계획,2017,여자,819,671,314,46.8,576,442,166,37.6,166
도시계획,2018,전체,2659,2078,1062,51.1,2237,1687,475,28.2,475
도시계획,2018,여자,977,778,428,55,855,660,205,31.1,205
도시계획,2019,전체,2762,2180,1251,57.4,2557,1958,407,20.8,407
도시계획,2019,여자,975,778,459,59,991,789,172,21.8,172
도시계획,2020,전체,2347,1952,1192,61.1,2693,2003,539,26.9,539
도시계획,2020,여자,964,823,505,61.4,1121,848,247,29.1,247
교통,전체,전체,37084,26663,12223,45.8,29863,21999,5937,27,5939
교통,2015(누적),전체,31300,22366,9680,43.3,23519,16880,4525,26.8,4527
교통,2016,전체,1172,862,503,58.4,1055,877,267,30.4,267
교통,2016,여자,332,256,157,61.3,345,293,85,29,85
교통,2017,전체,1189,849,481,56.7,1315,1101,132,12,132
교통,2017,여자,370,285,162,56.8,434,377,42,11.1,42
교통,2018,전체,1187,863,475,55,1388,1121,192,17.1,192
교통,2018,여자,374,295,180,61,508,424,52,12.3,52
교통,2019,전체,1125,833,515,61.8,1347,1052,311,29.6,311
교통,2019,여자,337,270,176,65.2,511,419,113,27,113
교통,2020,전체,1111,890,569,63.9,1239,968,510,52.7,510
교통,2020,여자,353,302,200,66.2,472,373,192,51.5,192
채광분야,전체,전체,44819,35018,13519,38.6,30151,26162,3785,14.5,6153
채광분야,2015(누적),전체,41660,32586,12626,38.7,28468,24614,3306,13.4,5674
채광분야,2016,전체,688,536,211,39.4,341,313,130,41.5,130
채광분야,2016,여자,23,20,11,55,16,16,4,25,4
채광분야,2017,전체,676,526,188,35.7,367,338,82,24.3,82
채광분야,2017,여자,18,14,4,28.6,14,14,7,50,7
채광분야,2018,전체,649,507,171,33.7,358,333,86,25.8,86
채광분야,2018,여자,19,15,6,40,7,7,3,42.9,3
채광분야,2019,전체,637,472,173,36.7,313,287,103,35.9,103
채광분야,2019,여자,23,17,6,35.3,10,10,2,20,2
채광분야,2020,전체,509,391,150,38.4,304,277,78,28.2,78
채광분야,2020,여자,17,13,6,46.2,8,6,4,66.7,4
화약류관리,전체,전체,32814,25889,11247,43.4,27710,23897,2786,11.7,3510
화약류관리,2015(누적),전체,30274,23908,10548,44.1,26268,22571,2420,10.7,3144
화약류관리,2016,전체,544,425,177,41.6,305,283,112,39.6,112
화약류관리,2016,여자,14,14,8,57.1,13,13,3,23.1,3
화약류관리,2017,전체,558,448,156,34.8,329,303,60,19.8,60
화약류관리,2017,여자,12,10,3,30,12,12,5,41.7,5
화약류관리,2018,전체,507,397,127,32,308,286,78,27.3,78
화약류관리,2018,여자,14,10,3,30,4,4,2,50,2
화약류관리,2019,전체,518,378,120,31.7,241,222,60,27,60
화약류관리,2019,여자,21,16,5,31.3,8,8,2,25,2
화약류관리,2020,전체,413,333,119,35.7,259,232,56,24.1,56
화약류관리,2020,여자,14,10,5,50,7,5,4,80,4
광산보안,전체,전체,10813,8291,2093,25.2,2149,2013,932,46.3,2576
광산보안,2015(누적),전체,10194,7840,1899,24.2,1908,1791,819,45.7,2463
광산보안,2016,전체,144,111,34,30.6,36,30,18,60,18
광산보안,2016,여자,9,6,3,50,3,3,1,33.3,1
광산보안,2017,전체,118,78,32,41,38,35,22,62.9,22
광산보안,2017,여자,6,4,1,25,2,2,2,100,2
광산보안,2018,전체,142,110,44,40,50,47,8,17,8
광산보안,2018,여자,5,5,3,60,3,3,1,33.3,1
광산보안,2019,전체,119,94,53,56.4,72,65,43,66.2,43
광산보안,2019,여자,2,1,1,100,2,2,0,0,0
광산보안,2020,전체,96,58,31,53.4,45,45,22,48.9,22
광산보안,2020,여자,3,3,1,33.3,1,1,0,0,0
지하수,전체,전체,1192,838,179,21.4,292,252,67,26.6,67
지하수,2015(누적),전체,1192,838,179,21.4,292,252,67,26.6,67
광해방지분야,전체,전체,2604,2034,1049,51.6,1601,1352,392,29,392
광해방지분야,2015(누적),전체,2067,1633,793,48.6,1243,1050,291,27.7,291
광해방지분야,2016,전체,132,98,51,52,63,55,42,76.4,42
광해방지분야,2016,여자,28,24,14,58.3,20,19,14,73.7,14
광해방지분야,2017,전체,152,110,77,70,90,79,30,38,30
광해방지분야,2017,여자,35,29,25,86.2,29,28,6,21.4,6
광해방지분야,2018,전체,87,67,45,67.2,66,58,9,15.5,9
광해방지분야,2018,여자,11,11,10,90.9,20,17,4,23.5,4
광해방지분야,2019,전체,87,58,35,60.3,62,49,10,20.4,10
광해방지분야,2019,여자,16,11,8,72.7,13,9,4,44.4,4
광해방지분야,2020,전체,79,68,48,70.6,77,61,10,16.4,10
광해방지분야,2020,여자,17,15,12,80,17,13,0,0,0
광해방지,전체,전체,2604,2034,1049,51.6,1601,1352,392,29,392
광해방지,2015(누적),전체,2067,1633,793,48.6,1243,1050,291,27.7,291
광해방지,2016,전체,132,98,51,52,63,55,42,76.4,42
광해방지,2016,여자,28,24,14,58.3,20,19,14,73.7,14
광해방지,2017,전체,152,110,77,70,90,79,30,38,30
광해방지,2017,여자,35,29,25,86.2,29,28,6,21.4,6
광해방지,2018,전체,87,67,45,67.2,66,58,9,15.5,9
광해방지,2018,여자,11,11,10,90.9,20,17,4,23.5,4
광해방지,2019,전체,87,58,35,60.3,62,49,10,20.4,10
광해방지,2019,여자,16,11,8,72.7,13,9,4,44.4,4
광해방지,2020,전체,79,68,48,70.6,77,61,10,16.4,10
광해방지,2020,여자,17,15,12,80,17,13,0,0,0
기계제작분야,전체,전체,294178,210741,71816,34.1,127838,109850,44098,40.1,44817
기계제작분야,2015(누적),전체,201008,141761,42224,29.8,80147,67465,25125,37.2,25844
기계제작분야,2016,전체,16540,11968,4689,39.2,6623,5961,2814,47.2,2814
기계제작분야,2016,여자,1678,1236,432,35,584,529,221,41.8,221
기계제작분야,2017,전체,19095,14226,5888,41.4,9003,8051,3612,44.9,3612
기계제작분야,2017,여자,1897,1453,527,36.3,814,729,318,43.6,318
기계제작분야,2018,전체,17380,12741,5464,42.9,8961,7951,2886,36.3,2886
기계제작분야,2018,여자,2081,1539,525,34.1,837,750,263,35.1,263
기계제작분야,2019,전체,20059,14537,6377,43.9,10562,9509,4148,43.6,4148
기계제작분야,2019,여자,2601,1962,760,38.7,1168,1070,465,43.5,465
기계제작분야,2020,전체,20096,15508,7174,46.3,12542,10913,5513,50.5,5513
기계제작분야,2020,여자,2943,2288,869,38,1491,1322,680,51.4,680
일반기계,전체,전체,283549,203465,70277,34.5,126032,108235,43444,40.1,43953
일반기계,2015(누적),전체,191555,135276,40842,30.2,78509,65996,24529,37.2,25038
일반기계,2016,전체,16246,11770,4653,39.5,6580,5922,2804,47.3,2804
일반기계,2016,여자,1644,1214,428,35.3,580,525,220,41.9,220
일반기계,2017,전체,18857,14076,5853,41.6,8968,8021,3602,44.9,3602
일반기계,2017,여자,1876,1440,526,36.5,813,729,318,43.6,318
일반기계,2018,전체,17178,12603,5429,43.1,8928,7923,2873,36.3,2873
일반기계,2018,여자,2056,1523,522,34.3,835,748,261,34.9,261
일반기계,2019,전체,19837,14389,6353,44.2,10540,9490,4141,43.6,4141
일반기계,2019,여자,2572,1945,759,39,1167,1069,464,43.4,464
일반기계,2020,전체,19876,15351,7147,46.6,12507,10883,5495,50.5,5495
일반기계,2020,여자,2912,2265,868,38.3,1490,1321,679,51.4,679
계량1급(제11류),전체,전체,1624,944,147,15.6,62,61,28,45.9,0
계량1급(제11류),2015(누적),전체,1624,944,147,15.6,62,61,28,45.9,0
기계공정설계,전체,전체,983,744,193,25.9,271,237,89,37.6,0
기계공정설계,2015(누적),전체,983,744,193,25.9,271,237,89,37.6,0
기계설계,전체,전체,4284,2926,550,18.8,585,500,169,33.8,358
기계설계,2015(누적),전체,3108,2135,393,18.4,417,354,111,31.4,300
기계설계,2016,전체,294,198,36,18.2,43,39,10,25.6,10
기계설계,2016,여자,34,22,4,18.2,4,4,1,25,1
기계설계,2017,전체,238,150,35,23.3,35,30,10,33.3,10
기계설계,2017,여자,21,13,1,7.7,1,0,0,0,0
기계설계,2018,전체,202,138,35,25.4,33,28,13,46.4,13
기계설계,2018,여자,25,16,3,18.8,2,2,2,100,2
기계설계,2019,전체,222,148,24,16.2,22,19,7,36.8,7
기계설계,2019,여자,29,17,1,5.9,1,1,1,100,1
기계설계,2020,전체,220,157,27,17.2,35,30,18,60,18
기계설계,2020,여자,31,23,1,4.3,1,1,1,100,1
치공구설계,전체,전체,847,670,160,23.9,179,163,53,32.5,0
치공구설계,2015(누적),전체,847,670,160,23.9,179,163,53,32.5,0
정밀측정(기계분야),전체,전체,683,506,141,27.9,211,192,96,50,95
정밀측정(기계분야),2015(누적),전체,683,506,141,27.9,211,192,96,50,95
정밀측정(전기분야),전체,전체,57,43,2,4.7,6,6,1,16.7,1
정밀측정(전기분야),2015(누적),전체,57,43,2,4.7,6,6,1,16.7,1
정밀측정,전체,전체,1447,1087,283,26,430,395,190,48.1,97
정밀측정,2015(누적),전체,1447,1087,283,26,430,395,190,48.1,97
계량(전기분야),전체,전체,144,86,23,26.7,22,21,9,42.9,128
계량(전기분야),2015(누적),전체,144,86,23,26.7,22,21,9,42.9,128
계량(기계분야),전체,전체,484,217,33,15.2,26,26,16,61.5,146
계량(기계분야),2015(누적),전체,484,217,33,15.2,26,26,16,61.5,146
계량(물리분야),전체,전체,76,53,7,13.2,14,14,3,21.4,39
계량(물리분야),2015(누적),전체,76,53,7,13.2,14,14,3,21.4,39
기계장비설비.설치분야,전체,전체,350726,245941,89913,36.6,163002,136873,50572,36.9,52975
기계장비설비.설치분야,2015(누적),전체,285106,198146,68051,34.3,126316,105286,37081,35.2,39484
기계장비설비.설치분야,2016,전체,11620,8598,4166,48.5,6021,5338,2832,53.1,2832
기계장비설비.설치분야,2016,여자,456,334,149,44.6,229,192,85,44.3,85
기계장비설비.설치분야,2017,전체,12198,8830,3964,44.9,6205,5459,2667,48.9,2667
기계장비설비.설치분야,2017,여자,524,389,171,44,262,229,102,44.5,102
기계장비설비.설치분야,2018,전체,12912,9235,3671,39.8,6123,5384,2483,46.1,2483
기계장비설비.설치분야,2018,여자,611,441,170,38.5,274,222,115,51.8,115
기계장비설비.설치분야,2019,전체,15140,10990,5241,47.7,8058,7118,2695,37.9,2695
기계장비설비.설치분야,2019,여자,740,547,284,51.9,387,340,124,36.5,124
기계장비설비.설치분야,2020,전체,13750,10142,4820,47.5,10279,8288,2814,34,2814
기계장비설비.설치분야,2020,여자,806,600,307,51.2,658,522,170,32.6,170
농업기계,전체,전체,1226,836,172,20.6,224,185,61,33,61
농업기계,2015(누적),전체,1030,711,146,20.5,200,162,47,29,47
농업기계,2016,전체,30,22,5,22.7,4,4,2,50,2
농업기계,2016,여자,1,1,0,0,0,0,0,0,0
농업기계,2017,전체,31,24,5,20.8,3,3,1,33.3,1
농업기계,2017,여자,0,0,0,0,0,0,0,0,0
농업기계,2018,전체,38,23,3,13,4,4,1,25,1
농업기계,2018,여자,4,1,1,100,1,1,0,0,0
농업기계,2019,전체,56,30,9,30,11,10,9,90,9
농업기계,2019,여자,4,2,1,50,2,2,2,100,2
농업기계,2020,전체,41,26,4,15.4,2,2,1,50,1
농업기계,2020,여자,1,0,0,0,0,0,0,0,0
윤활관리,전체,전체,178,105,13,12.4,17,15,3,20,3
윤활관리,2015(누적),전체,178,105,13,12.4,17,15,3,20,3
건설기계,전체,전체,146059,104006,38648,37.2,72368,60595,20600,34,0
건설기계,2015(누적),전체,146059,104006,38648,37.2,72368,60595,20600,34,0
건설기계설비,전체,전체,12640,9268,4926,53.2,5974,4879,2684,55,24146
건설기계설비,2015(누적),전체,4317,3139,1346,42.9,1604,1317,636,48.3,22098
건설기계설비,2016,전체,1919,1467,805,54.9,829,677,404,59.7,404
건설기계설비,2016,여자,126,85,40,47.1,46,37,20,54.1,20
건설기계설비,2017,전체,1760,1320,743,56.3,849,730,416,57,416
건설기계설비,2017,여자,132,98,58,59.2,71,64,32,50,32
건설기계설비,2018,전체,1535,1074,586,54.6,731,629,377,59.9,377
건설기계설비,2018,여자,106,71,31,43.7,48,41,25,61,25
건설기계설비,2019,전체,1506,1085,633,58.3,720,615,350,56.9,350
건설기계설비,2019,여자,130,102,48,47.1,48,42,32,76.2,32
건설기계설비,2020,전체,1603,1183,813,68.7,1241,911,501,55,501
건설기계설비,2020,여자,154,113,67,59.3,94,69,38,55.1,38
건설기계정비,전체,전체,6832,4879,2008,41.2,884,747,202,27,1718
건설기계정비,2015(누적),전체,6467,4605,1952,42.4,809,685,187,27.3,1703
건설기계정비,2016,전체,77,59,11,18.6,16,14,2,14.3,2
건설기계정비,2016,여자,1,1,0,0,0,0,0,0,0
건설기계정비,2017,전체,77,56,16,28.6,21,20,7,35,7
건설기계정비,2017,여자,1,0,0,0,0,0,0,0,0
건설기계정비,2018,전체,60,43,7,16.3,11,8,3,37.5,3
건설기계정비,2018,여자,1,1,0,0,0,0,0,0,0
건설기계정비,2019,전체,81,61,13,21.3,17,14,2,14.3,2
건설기계정비,2019,여자,0,0,0,0,0,0,0,0,0
건설기계정비,2020,전체,70,55,9,16.4,10,6,1,16.7,1
건설기계정비,2020,여자,0,0,0,0,0,0,0,0,0
궤도장비정비,전체,전체,508,419,83,19.8,114,108,49,45.4,49
궤도장비정비,2015(누적),전체,389,330,65,19.7,97,91,41,45.1,41
궤도장비정비,2016,전체,32,24,7,29.2,7,7,2,28.6,2
궤도장비정비,2016,여자,0,0,0,0,0,0,0,0,0
궤도장비정비,2017,전체,26,21,3,14.3,7,7,4,57.1,4
궤도장비정비,2017,여자,0,0,0,0,0,0,0,0,0
궤도장비정비,2018,전체,17,11,3,27.3,3,3,2,66.7,2
궤도장비정비,2018,여자,0,0,0,0,0,0,0,0,0
궤도장비정비,2019,전체,25,17,0,0,0,0,0,0,0
궤도장비정비,2019,여자,0,0,0,0,0,0,0,0,0
궤도장비정비,2020,전체,19,16,5,31.3,0,0,0,0,0
궤도장비정비,2020,여자,0,0,0,0,0,0,0,0,0
메카트로닉스,전체,전체,2200,1607,358,22.3,442,360,99,27.5,101
메카트로닉스,2015(누적),전체,2129,1559,345,22.1,426,346,94,27.2,96
메카트로닉스,2016,전체,17,11,2,18.2,5,4,1,25,1
메카트로닉스,2016,여자,1,0,0,0,0,0,0,0,0
메카트로닉스,2017,전체,17,10,5,50,5,4,2,50,2
메카트로닉스,2017,여자,1,0,0,0,0,0,0,0,0
메카트로닉스,2018,전체,15,12,3,25,2,2,1,50,1
메카트로닉스,2018,여자,0,0,0,0,0,0,0,0,0
메카트로닉스,2019,전체,14,8,3,37.5,3,3,1,33.3,1
메카트로닉스,2019,여자,0,0,0,0,0,0,0,0,0
메카트로닉스,2020,전체,8,7,0,0,1,1,0,0,0
메카트로닉스,2020,여자,0,0,0,0,0,0,0,0,0
승강기,전체,전체,24494,18298,4365,23.9,6436,6150,3505,57,3504
승강기,2015(누적),전체,16118,12037,2495,20.7,3934,3755,1945,51.8,1944
승강기,2016,전체,1057,775,178,23,240,235,164,69.8,164
승강기,2016,여자,34,25,12,48,12,12,9,75,9
승강기,2017,전체,1567,1156,231,20,336,330,191,57.9,191
승강기,2017,여자,42,32,12,37.5,17,17,10,58.8,10
승강기,2018,전체,1808,1380,438,31.7,509,499,341,68.3,341
승강기,2018,여자,67,56,26,46.4,32,30,27,90,27
승강기,2019,전체,2417,1803,667,37,811,801,590,73.7,590
승강기,2019,여자,85,70,35,50,36,36,29,80.6,29
승강기,2020,전체,1527,1147,356,31,606,530,274,51.7,274
승강기,2020,여자,57,49,15,30.6,25,22,15,68.2,15
공조냉동기계,전체,전체,131085,86394,28832,33.4,62543,50673,15753,31.1,15777
공조냉동기계,2015(누적),전체,97708,62952,18471,29.3,41444,33231,10656,32.1,10680
공조냉동기계,2016,전체,5317,3639,1484,40.8,2684,2270,912,40.2,912
공조냉동기계,2016,여자,278,208,88,42.3,160,132,50,37.9,50
공조냉동기계,2017,전체,6054,4137,1821,44,3379,2853,1119,39.2,1119
공조냉동기계,2017,여자,331,243,96,39.5,167,142,56,39.4,56
공조냉동기계,2018,전체,6580,4570,1694,37.1,3400,2855,938,32.9,938
공조냉동기계,2018,여자,404,291,103,35.4,183,140,55,39.3,55
공조냉동기계,2019,전체,7688,5456,2655,48.7,4756,4026,860,21.4,860
공조냉동기계,2019,여자,508,364,194,53.3,291,250,55,22,55
공조냉동기계,2020,전체,7738,5640,2707,48,6880,5438,1268,23.3,1268
공조냉동기계,2020,여자,573,422,216,51.2,528,421,112,26.6,112
설비보전,전체,전체,25504,20129,10508,52.2,14000,13161,7616,57.9,7616
설비보전,2015(누적),전체,10711,8702,4570,52.5,5417,5089,2872,56.4,2872
설비보전,2016,전체,3171,2601,1674,64.4,2236,2127,1345,63.2,1345
설비보전,2016,여자,15,14,9,64.3,11,11,6,54.5,6
설비보전,2017,전체,2666,2106,1140,54.1,1605,1512,927,61.3,927
설비보전,2017,여자,17,16,5,31.3,7,6,4,66.7,4
설비보전,2018,전체,2859,2122,937,44.2,1463,1384,820,59.2,820
설비보전,2018,여자,29,21,9,42.9,10,10,8,80,8
설비보전,2019,전체,3353,2530,1261,49.8,1740,1649,883,53.5,883
설비보전,2019,여자,13,9,6,66.7,10,10,6,60,6
설비보전,2020,전체,2744,2068,926,44.8,1539,1400,769,54.9,769
설비보전,2020,여자,21,16,9,56.3,11,10,5,50,5
철도분야,전체,전체,1363,948,237,25,398,356,61,17.1,71
철도분야,2015(누적),전체,1299,904,231,25.6,393,351,58,16.5,68
철도분야,2016,전체,14,10,2,20,1,1,1,100,1
철도분야,2016,여자,0,0,0,0,0,0,0,0,0
철도분야,2017,전체,10,6,0,0,0,0,0,0,0
철도분야,2017,여자,0,0,0,0,0,0,0,0,0
철도분야,2018,전체,12,8,2,25,2,2,1,50,1
철도분야,2018,여자,1,1,0,0,0,0,0,0,0
철도분야,2019,전체,15,11,1,9.1,1,1,1,100,1
철도분야,2019,여자,0,0,0,0,0,0,0,0,0
철도분야,2020,전체,13,9,1,11.1,1,1,0,0,0
철도분야,2020,여자,0,0,0,0,0,0,0,0,0
철도차량,전체,전체,1363,948,237,25,398,356,61,17.1,71
철도차량,2015(누적),전체,1299,904,231,25.6,393,351,58,16.5,68
철도차량,2016,전체,14,10,2,20,1,1,1,100,1
철도차량,2016,여자,0,0,0,0,0,0,0,0,0
철도차량,2017,전체,10,6,0,0,0,0,0,0,0
철도차량,2017,여자,0,0,0,0,0,0,0,0,0
철도차량,2018,전체,12,8,2,25,2,2,1,50,1
철도차량,2018,여자,1,1,0,0,0,0,0,0,0
철도차량,2019,전체,15,11,1,9.1,1,1,1,100,1
철도차량,2019,여자,0,0,0,0,0,0,0,0,0
철도차량,2020,전체,13,9,1,11.1,1,1,0,0,0
철도차량,2020,여자,0,0,0,0,0,0,0,0,0
조선분야,전체,전체,7650,5702,1443,25.3,1439,1305,678,52,1443
조선분야,2015(누적),전체,6871,5106,1207,23.6,1157,1032,518,50.2,1283
조선분야,2016,전체,106,71,22,31,28,26,16,61.5,16
조선분야,2016,여자,12,10,4,40,4,4,2,50,2
조선분야,2017,전체,160,120,52,43.3,56,55,33,60,33
조선분야,2017,여자,7,4,0,0,2,2,0,0,0
조선분야,2018,전체,139,104,34,32.7,47,43,31,72.1,31
조선분야,2018,여자,10,8,1,12.5,1,1,0,0,0
조선분야,2019,전체,204,163,67,41.1,73,73,46,63,46
조선분야,2019,여자,13,11,5,45.5,6,6,5,83.3,5
조선분야,2020,전체,170,138,61,44.2,78,76,34,44.7,34
조선분야,2020,여자,24,21,12,57.1,11,11,5,45.5,5
조선,전체,전체,6390,4921,1344,27.3,1389,1265,670,53,1443
조선,2015(누적),전체,5611,4325,1108,25.6,1107,992,510,51.4,1283
조선,2016,전체,106,71,22,31,28,26,16,61.5,16
조선,2016,여자,12,10,4,40,4,4,2,50,2
조선,2017,전체,160,120,52,43.3,56,55,33,60,33
조선,2017,여자,7,4,0,0,2,2,0,0,0
조선,2018,전체,139,104,34,32.7,47,43,31,72.1,31
조선,2018,여자,10,8,1,12.5,1,1,0,0,0
조선,2019,전체,204,163,67,41.1,73,73,46,63,46
조선,2019,여자,13,11,5,45.5,6,6,5,83.3,5
조선,2020,전체,170,138,61,44.2,78,76,34,44.7,34
조선,2020,여자,24,21,12,57.1,11,11,5,45.5,5
선박기계1급,전체,전체,1260,781,99,12.7,50,40,8,20,0
선박기계1급,2015(누적),전체,1260,781,99,12.7,50,40,8,20,0
항공분야,전체,전체,3891,2918,643,22,492,429,88,20.5,693
항공분야,2015(누적),전체,3514,2649,595,22.5,419,364,78,21.4,683
항공분야,2016,전체,58,40,4,10,9,8,1,12.5,1
항공분야,2016,여자,6,6,0,0,0,0,0,0,0
항공분야,2017,전체,73,50,13,26,13,11,5,45.5,5
항공분야,2017,여자,6,5,1,20,1,1,0,0,0
항공분야,2018,전체,86,63,11,17.5,19,17,0,0,0
항공분야,2018,여자,9,6,0,0,1,1,0,0,0
항공분야,2019,전체,86,61,8,13.1,16,14,2,14.3,2
항공분야,2019,여자,7,7,1,14.3,1,1,0,0,0
항공분야,2020,전체,74,55,12,21.8,16,15,2,13.3,2
항공분야,2020,여자,5,4,2,50,2,2,0,0,0
항공,전체,전체,3891,2918,643,22,492,429,88,20.5,693
항공,2015(누적),전체,3514,2649,595,22.5,419,364,78,21.4,683
항공,2016,전체,58,40,4,10,9,8,1,12.5,1
항공,2016,여자,6,6,0,0,0,0,0,0,0
항공,2017,전체,73,50,13,26,13,11,5,45.5,5
항공,2017,여자,6,5,1,20,1,1,0,0,0
항공,2018,전체,86,63,11,17.5,19,17,0,0,0
항공,2018,여자,9,6,0,0,1,1,0,0,0
항공,2019,전체,86,61,8,13.1,16,14,2,14.3,2
항공,2019,여자,7,7,1,14.3,1,1,0,0,0
항공,2020,전체,74,55,12,21.8,16,15,2,13.3,2
항공,2020,여자,5,4,2,50,2,2,0,0,0
자동차분야,전체,전체,122424,90138,26228,29.1,42949,36630,10686,29.2,13500
자동차분야,2015(누적),전체,113342,83464,24778,29.7,40353,34239,10039,29.3,12853
자동차분야,2016,전체,1788,1296,248,19.1,433,403,104,25.8,104
자동차분야,2016,여자,40,23,3,13,11,9,1,11.1,1
자동차분야,2017,전체,1853,1346,298,22.1,534,500,163,32.6,163
자동차분야,2017,여자,39,27,7,25.9,9,9,3,33.3,3
자동차분야,2018,전체,1763,1269,330,26,539,500,110,22,110
자동차분야,2018,여자,41,29,5,17.2,7,6,2,33.3,2
자동차분야,2019,전체,2045,1522,326,21.4,601,549,167,30.4,167
자동차분야,2019,여자,42,35,9,25.7,13,11,3,27.3,3
자동차분야,2020,전체,1633,1241,248,20,489,439,103,23.5,103
자동차분야,2020,여자,53,37,9,24.3,10,10,2,20,2
그린전동자동차,전체,전체,1997,1510,335,22.2,520,452,59,13.1,62
그린전동자동차,2015(누적),전체,253,196,29,14.8,55,48,3,6.3,6
그린전동자동차,2016,전체,304,228,53,23.2,69,58,5,8.6,5
그린전동자동차,2016,여자,8,4,1,25,2,1,1,100,1
그린전동자동차,2017,전체,353,256,59,23,89,81,3,3.7,3
그린전동자동차,2017,여자,13,10,2,20,2,2,0,0,0
그린전동자동차,2018,전체,359,275,106,38.5,141,124,2,1.6,2
그린전동자동차,2018,여자,9,4,0,0,1,1,0,0,0
그린전동자동차,2019,전체,469,349,73,20.9,123,105,46,43.8,46
그린전동자동차,2019,여자,8,6,1,16.7,2,1,0,0,0
그린전동자동차,2020,전체,259,206,15,7.3,43,36,0,0,0
그린전동자동차,2020,여자,9,4,0,0,0,0,0,0,0
그린전동자동차기사,전체,전체,376,299,66,22.1,58,54,3,5.6,0
그린전동자동차기사,2015(누적),전체,376,299,66,22.1,58,54,3,5.6,0
자동차정비,전체,전체,77208,57202,14668,25.6,24756,21217,6442,30.4,13438
자동차정비,2015(누적),전체,69870,51842,13524,26.1,22625,19230,5851,30.4,12847
자동차정비,2016,전체,1484,1068,195,18.3,364,345,99,28.7,99
자동차정비,2016,여자,32,19,2,10.5,9,8,0,0,0
자동차정비,2017,전체,1500,1090,239,21.9,445,419,160,38.2,160
자동차정비,2017,여자,26,17,5,29.4,7,7,3,42.9,3
자동차정비,2018,전체,1404,994,224,22.5,398,376,108,28.7,108
자동차정비,2018,여자,32,25,5,20,6,5,2,40,2
자동차정비,2019,전체,1576,1173,253,21.6,478,444,121,27.3,121
자동차정비,2019,여자,34,29,8,27.6,11,10,3,30,3
자동차정비,2020,전체,1374,1035,233,22.5,446,403,103,25.6,103
자동차정비,2020,여자,44,33,9,27.3,10,10,2,20,2
자동차검사,전체,전체,42843,31127,11159,35.8,17615,14907,4182,28.1,0
자동차검사,2015(누적),전체,42843,31127,11159,35.8,17615,14907,4182,28.1,0
금형.공작기계분야,전체,전체,5681,4298,1016,23.6,1486,1288,339,26.3,340
금형.공작기계분야,2015(누적),전체,4847,3669,852,23.2,1257,1084,282,26,283
금형.공작기계분야,2016,전체,194,139,42,30.2,45,37,9,24.3,9
금형.공작기계분야,2016,여자,21,17,7,41.2,8,8,3,37.5,3
금형.공작기계분야,2017,전체,177,127,47,37,64,62,15,24.2,15
금형.공작기계분야,2017,여자,21,13,4,30.8,7,7,2,28.6,2
금형.공작기계분야,2018,전체,141,108,18,16.7,41,37,9,24.3,9
금형.공작기계분야,2018,여자,8,5,2,40,3,3,2,66.7,2
금형.공작기계분야,2019,전체,174,143,35,24.5,43,38,10,26.3,10
금형.공작기계분야,2019,여자,15,10,1,10,2,1,1,100,1
금형.공작기계분야,2020,전체,148,112,22,19.6,36,30,14,46.7,14
금형.공작기계분야,2020,여자,18,12,0,0,1,1,1,100,1
사출금형설계,전체,전체,3223,2436,607,24.9,880,761,197,25.9,197
사출금형설계,2015(누적),전체,2738,2081,509,24.5,743,639,167,26.1,167
사출금형설계,2016,전체,120,83,27,32.5,28,23,3,13,3
사출금형설계,2016,여자,15,12,6,50,6,6,1,16.7,1
사출금형설계,2017,전체,106,78,29,37.2,43,42,8,19,8
사출금형설계,2017,여자,17,11,4,36.4,7,7,2,28.6,2
사출금형설계,2018,전체,69,51,9,17.6,22,19,5,26.3,5
사출금형설계,2018,여자,6,3,2,66.7,3,3,2,66.7,2
사출금형설계,2019,전체,104,82,22,26.8,25,22,5,22.7,5
사출금형설계,2019,여자,8,5,0,0,1,0,0,0,0
사출금형설계,2020,전체,86,61,11,18,19,16,9,56.3,9
사출금형설계,2020,여자,13,9,0,0,1,1,1,100,1
프레스금형설계,전체,전체,2458,1862,409,22,606,527,142,26.9,143
프레스금형설계,2015(누적),전체,2109,1588,343,21.6,514,445,115,25.8,116
프레스금형설계,2016,전체,74,56,15,26.8,17,14,6,42.9,6
프레스금형설계,2016,여자,6,5,1,20,2,2,2,100,2
프레스금형설계,2017,전체,71,49,18,36.7,21,20,7,35,7
프레스금형설계,2017,여자,4,2,0,0,0,0,0,0,0
프레스금형설계,2018,전체,72,57,9,15.8,19,18,4,22.2,4
프레스금형설계,2018,여자,2,2,0,0,0,0,0,0,0
프레스금형설계,2019,전체,70,61,13,21.3,18,16,5,31.3,5
프레스금형설계,2019,여자,7,5,1,20,1,1,1,100,1
프레스금형설계,2020,전체,62,51,11,21.6,17,14,5,35.7,5
프레스금형설계,2020,여자,5,3,0,0,0,0,0,0,0
금속.재료분야,전체,전체,23370,18566,6123,33,6405,5951,2461,41.4,5854
금속.재료분야,2015(누적),전체,20527,16349,4981,30.5,5145,4742,1730,36.5,5123
금속.재료분야,2016,전체,475,353,86,24.4,100,96,57,59.4,57
금속.재료분야,2016,여자,64,49,10,20.4,10,10,5,50,5
금속.재료분야,2017,전체,486,368,182,49.5,181,174,43,24.7,43
금속.재료분야,2017,여자,73,59,26,44.1,26,26,8,30.8,8
금속.재료분야,2018,전체,401,306,112,36.6,165,158,87,55.1,87
금속.재료분야,2018,여자,55,42,18,42.9,25,24,14,58.3,14
금속.재료분야,2019,전체,692,540,319,59.1,347,332,245,73.8,245
금속.재료분야,2019,여자,98,75,36,48,38,37,29,78.4,29
금속.재료분야,2020,전체,789,650,443,68.2,467,449,299,66.6,299
금속.재료분야,2020,여자,133,116,80,69,80,78,52,66.7,52
금속1급,전체,전체,0,0,0,0,0,0,0,0,674
금속1급,2015(누적),전체,0,0,0,0,0,0,0,0,674
금속(재료분야),전체,전체,13793,11076,3140,28.3,3052,2873,1249,43.5,0
금속(재료분야),2015(누적),전체,13793,11076,3140,28.3,3052,2873,1249,43.5,0
금속(제련분야),전체,전체,1088,845,175,20.7,207,186,66,35.5,0
금속(제련분야),2015(누적),전체,1088,845,175,20.7,207,186,66,35.5,0
금속(가공분야),전체,전체,1608,1194,216,18.1,293,281,143,50.9,0
금속(가공분야),2015(누적),전체,1608,1194,216,18.1,293,281,143,50.9,0
금속,전체,전체,461,331,40,12.1,46,44,28,63.6,0
금속,2015(누적),전체,461,331,40,12.1,46,44,28,63.6,0
금속재료,전체,전체,3692,2837,1357,47.8,1485,1426,893,62.6,4564
금속재료,2015(누적),전체,849,620,215,34.7,225,217,162,74.7,3833
금속재료,2016,전체,475,353,86,24.4,100,96,57,59.4,57
금속재료,2016,여자,64,49,10,20.4,10,10,5,50,5
금속재료,2017,전체,486,368,182,49.5,181,174,43,24.7,43
금속재료,2017,여자,73,59,26,44.1,26,26,8,30.8,8
금속재료,2018,전체,401,306,112,36.6,165,158,87,55.1,87
금속재료,2018,여자,55,42,18,42.9,25,24,14,58.3,14
금속재료,2019,전체,692,540,319,59.1,347,332,245,73.8,245
금속재료,2019,여자,98,75,36,48,38,37,29,78.4,29
금속재료,2020,전체,789,650,443,68.2,467,449,299,66.6,299
금속재료,2020,여자,133,116,80,69,80,78,52,66.7,52
세라믹,전체,전체,2728,2283,1195,52.3,1322,1141,82,7.2,616
세라믹,2015(누적),전체,2728,2283,1195,52.3,1322,1141,82,7.2,616
용접분야,전체,전체,19700,14039,2776,19.8,4503,4227,1711,40.5,1712
용접분야,2015(누적),전체,14945,10692,2036,19,3139,2939,1324,45,1325
용접분야,2016,전체,1129,797,194,24.3,278,266,96,36.1,96
용접분야,2016,여자,20,12,4,33.3,3,3,0,0,0
용접분야,2017,전체,1159,835,167,20,321,301,103,34.2,103
용접분야,2017,여자,14,12,3,25,5,4,2,50,2
용접분야,2018,전체,966,677,172,25.4,277,262,88,33.6,88
용접분야,2018,여자,14,11,4,36.4,5,5,2,40,2
용접분야,2019,전체,947,643,123,19.1,292,277,59,21.3,59
용접분야,2019,여자,21,17,3,17.6,7,7,1,14.3,1
용접분야,2020,전체,554,395,84,21.3,196,182,41,22.5,41
용접분야,2020,여자,9,6,2,33.3,4,3,1,33.3,1
용접,전체,전체,19700,14039,2776,19.8,4503,4227,1711,40.5,1712
용접,2015(누적),전체,14945,10692,2036,19,3139,2939,1324,45,1325
용접,2016,전체,1129,797,194,24.3,278,266,96,36.1,96
용접,2016,여자,20,12,4,33.3,3,3,0,0,0
용접,2017,전체,1159,835,167,20,321,301,103,34.2,103
용접,2017,여자,14,12,3,25,5,4,2,50,2
용접,2018,전체,966,677,172,25.4,277,262,88,33.6,88
용접,2018,여자,14,11,4,36.4,5,5,2,40,2
용접,2019,전체,947,643,123,19.1,292,277,59,21.3,59
용접,2019,여자,21,17,3,17.6,7,7,1,14.3,1
용접,2020,전체,554,395,84,21.3,196,182,41,22.5,41
용접,2020,여자,9,6,2,33.3,4,3,1,33.3,1
화공분야,전체,전체,153980,117919,43758,37.1,62537,58324,26691,45.8,30365
화공분야,2015(누적),전체,86076,64918,18464,28.4,26589,24278,9311,38.4,12985
화공분야,2016,전체,10551,7993,3344,41.8,5325,5019,2090,41.6,2090
화공분야,2016,여자,4849,3807,1617,42.5,2423,2302,935,40.6,935
화공분야,2017,전체,11900,9320,4899,52.6,6108,5791,3704,64,3704
화공분야,2017,여자,5389,4339,2224,51.3,2819,2683,1685,62.8,1685
화공분야,2018,전체,12535,9806,5076,51.8,6511,6243,3267,52.3,3267
화공분야,2018,여자,5887,4677,2352,50.3,2942,2842,1418,49.9,1419
화공분야,2019,전체,17623,13765,7223,52.5,9462,9034,5795,64.1,5795
화공분야,2019,여자,8785,7061,3681,52.1,4849,4653,2965,63.7,2966
화공분야,2020,전체,15295,12117,4752,39.2,8542,7959,2524,31.7,2524
화공분야,2020,여자,7608,6115,2174,35.6,4105,3844,1211,31.5,1211
화공,전체,전체,89684,68724,24656,35.9,36693,34202,16688,48.8,20500
화공,2015(누적),전체,53259,40536,11742,29,18076,16468,6560,39.8,10372
화공,2016,전체,5950,4414,1617,36.6,3039,2864,1321,46.1,1321
화공,2016,여자,2084,1628,549,33.7,997,956,454,47.5,454
화공,2017,전체,6298,4915,2410,49,3116,2956,2036,68.9,2036
화공,2017,여자,2167,1741,747,42.9,982,935,629,67.3,629
화공,2018,전체,6480,4986,2481,49.8,3316,3183,2022,63.5,2022
화공,2018,여자,2339,1831,809,44.2,1043,1014,660,65.1,660
화공,2019,전체,8294,6370,3039,47.7,3815,3667,2835,77.3,2835
화공,2019,여자,3163,2550,1164,45.6,1427,1381,1091,79,1091
화공,2020,전체,9403,7503,3367,44.9,5331,5064,1914,37.8,1914
화공,2020,여자,3975,3257,1373,42.2,2180,2084,822,39.4,822
공업화학,전체,전체,10503,7307,1007,13.8,990,876,162,18.5,0
공업화학,2015(누적),전체,10503,7307,1007,13.8,990,876,162,18.5,0
화약류제조,전체,전체,2979,2257,715,31.7,1006,925,452,48.9,476
화약류제조,2015(누적),전체,2496,1842,584,31.7,852,775,343,44.3,367
화약류제조,2016,전체,76,67,17,25.4,20,19,15,78.9,15
화약류제조,2016,여자,5,4,2,50,2,2,2,100,2
화약류제조,2017,전체,104,92,30,32.6,33,32,11,34.4,11
화약류제조,2017,여자,9,9,3,33.3,4,4,1,25,1
화약류제조,2018,전체,87,72,18,25,33,32,24,75,24
화약류제조,2018,여자,8,6,3,50,5,5,4,80,4
화약류제조,2019,전체,108,88,30,34.1,34,33,30,90.9,30
화약류제조,2019,여자,12,8,3,37.5,2,2,2,100,2
화약류제조,2020,전체,108,96,36,37.5,34,34,29,85.3,29
화약류제조,2020,여자,12,10,6,60,7,7,5,71.4,5
화학분석,전체,전체,45794,35588,15945,44.8,22320,20851,8379,40.2,8379
화학분석,2015(누적),전체,16809,12827,4453,34.7,5887,5407,1805,33.4,1805
화학분석,2016,전체,4235,3283,1646,50.1,2196,2072,701,33.8,701
화학분석,2016,여자,2596,2043,1038,50.8,1393,1316,456,34.7,456
화학분석,2017,전체,5190,4072,2344,57.6,2845,2690,1579,58.7,1579
화학분석,2017,여자,3052,2463,1418,57.6,1776,1687,1018,60.3,1018
화학분석,2018,전체,5565,4425,2401,54.3,2987,2856,1081,37.9,1081
화학분석,2018,여자,3346,2686,1464,54.5,1821,1752,703,40.1,704
화학분석,2019,전체,8675,6845,3881,56.7,5331,5063,2714,53.6,2714
화학분석,2019,여자,5344,4268,2389,56,3286,3140,1769,56.3,1769
화학분석,2020,전체,5320,4136,1220,29.5,3074,2763,499,18.1,499
화학분석,2020,여자,3356,2628,736,28,1862,1699,339,20,339
바이오화학제품제조,전체,전체,1010,844,402,47.6,385,369,298,80.8,1010
바이오화학제품제조,2015(누적),전체,0,0,0,0,0,0,0,0,441
바이오화학제품제조,2016,전체,0,0,0,0,0,0,0,0,53
바이오화학제품제조,2016,여자,0,0,0,0,0,0,0,0,23
바이오화학제품제조,2017,전체,0,0,0,0,0,0,0,0,78
바이오화학제품제조,2017,여자,0,0,0,0,0,0,0,0,37
바이오화학제품제조,2018,전체,0,0,0,0,0,0,0,0,140
바이오화학제품제조,2018,여자,0,0,0,0,0,0,0,0,51
바이오화학제품제조,2019,전체,546,462,273,59.1,282,271,216,79.7,216
바이오화학제품제조,2019,여자,266,235,125,53.2,134,130,103,79.2,104
바이오화학제품제조,2020,전체,464,382,129,33.8,103,98,82,83.7,82
바이오화학제품제조,2020,여자,265,220,59,26.8,56,54,45,83.3,45
생물공학,전체,전체,4010,3199,1033,32.3,1143,1101,712,64.7,0
생물공학,2015(누적),전체,3009,2406,678,28.2,784,752,441,58.6,0
생물공학,2016,전체,290,229,64,27.9,70,64,53,82.8,0
생물공학,2016,여자,164,132,28,21.2,31,28,23,82.1,0
생물공학,2017,전체,308,241,115,47.7,114,113,78,69,0
생물공학,2017,여자,161,126,56,44.4,57,57,37,64.9,0
생물공학,2018,전체,403,323,176,54.5,175,172,140,81.4,0
생물공학,2018,여자,194,154,76,49.4,73,71,51,71.8,0
섬유분야,전체,전체,6038,4960,2415,48.7,3001,2715,850,31.3,2162
섬유분야,2015(누적),전체,5443,4461,2232,50,2699,2428,755,31.1,2067
섬유분야,2016,전체,127,107,24,22.4,58,57,15,26.3,15
섬유분야,2016,여자,99,84,18,21.4,52,51,12,23.5,12
섬유분야,2017,전체,149,122,57,46.7,78,73,27,37,27
섬유분야,2017,여자,111,94,50,53.2,68,63,22,34.9,22
섬유분야,2018,전체,117,101,27,26.7,60,59,26,44.1,26
섬유분야,2018,여자,80,71,22,31,54,53,22,41.5,22
섬유분야,2019,전체,107,87,51,58.6,61,57,24,42.1,24
섬유분야,2019,여자,81,67,45,67.2,54,50,21,42,21
섬유분야,2020,전체,95,82,24,29.3,45,41,3,7.3,3
섬유분야,2020,여자,69,58,19,32.8,36,32,3,9.4,3
섬유1급,전체,전체,0,0,0,0,0,0,0,0,1201
섬유1급,2015(누적),전체,0,0,0,0,0,0,0,0,1201
방직,전체,전체,428,331,108,32.6,129,123,58,47.2,0
방직,2015(누적),전체,428,331,108,32.6,129,123,58,47.2,0
섬유기계,전체,전체,0,0,0,0,1,1,1,100,67
섬유기계,2015(누적),전체,0,0,0,0,1,1,1,100,67
염색가공,전체,전체,624,492,158,32.1,210,190,82,43.2,112
염색가공,2015(누적),전체,624,492,158,32.1,210,190,82,43.2,112
방사,전체,전체,271,204,96,47.1,120,110,38,34.5,37
방사,2015(누적),전체,271,204,96,47.1,120,110,38,34.5,37
섬유물리,전체,전체,28,24,7,29.2,12,11,4,36.4,0
섬유물리,2015(누적),전체,28,24,7,29.2,12,11,4,36.4,0
섬유화학,전체,전체,83,64,13,20.3,12,12,9,75,0
섬유화학,2015(누적),전체,83,64,13,20.3,12,12,9,75,0
섬유,전체,전체,305,244,33,13.5,34,34,29,85.3,99
섬유,2015(누적),전체,114,93,12,12.9,12,12,12,100,82
섬유,2016,전체,35,30,7,23.3,6,6,4,66.7,4
섬유,2016,여자,15,14,2,14.3,1,1,1,100,1
섬유,2017,전체,52,38,6,15.8,8,8,7,87.5,7
섬유,2017,여자,23,18,2,11.1,2,2,2,100,2
섬유,2018,전체,46,38,4,10.5,3,3,3,100,3
섬유,2018,여자,16,14,0,0,0,0,0,0,0
섬유,2019,전체,27,20,2,10,3,3,3,100,3
섬유,2019,여자,9,6,0,0,0,0,0,0,0
섬유,2020,전체,31,25,2,8,2,2,0,0,0
섬유,2020,여자,12,8,0,0,0,0,0,0,0
생사,전체,전체,16,9,3,33.3,0,0,0,0,17
생사,2015(누적),전체,16,9,3,33.3,0,0,0,0,17
의류,전체,전체,4283,3592,1997,55.6,2483,2234,629,28.2,629
의류,2015(누적),전체,3879,3244,1835,56.6,2203,1969,551,28,551
의류,2016,전체,92,77,17,22.1,52,51,11,21.6,11
의류,2016,여자,84,70,16,22.9,51,50,11,22,11
의류,2017,전체,97,84,51,60.7,70,65,20,30.8,20
의류,2017,여자,88,76,48,63.2,66,61,20,32.8,20
의류,2018,전체,71,63,23,36.5,57,56,23,41.1,23
의류,2018,여자,64,57,22,38.6,54,53,22,41.5,22
의류,2019,전체,80,67,49,73.1,58,54,21,38.9,21
의류,2019,여자,72,61,45,73.8,54,50,21,42,21
의류,2020,전체,64,57,22,38.6,43,39,3,7.7,3
의류,2020,여자,57,50,19,38,36,32,3,9.4,3
전기분야,전체,전체,1718596,1247360,341794,27.4,810986,680034,195503,28.7,207897
전기분야,2015(누적),전체,1341071,961700,256904,26.7,603562,498745,144749,29,157143
전기분야,2016,전체,64934,48527,12604,26,31458,27621,6675,24.2,6675
전기분야,2016,여자,4152,3229,1044,32.3,2266,2004,459,22.9,459
전기분야,2017,전체,72329,54394,15491,28.5,35072,30828,11562,37.5,11562
전기분야,2017,여자,5040,3951,1305,33,2842,2524,907,35.9,907
전기분야,2018,전체,73382,54676,15878,29,40392,35618,6649,18.7,6649
전기분야,2018,여자,5712,4420,1581,35.8,3688,3273,586,17.9,586
전기분야,2019,전체,83405,62479,19898,31.8,43518,37981,14733,38.8,14733
전기분야,2019,여자,6791,5302,2057,38.8,4175,3669,1507,41.1,1507
전기분야,2020,전체,83475,65584,21019,32,56984,49241,11135,22.6,11135
전기분야,2020,여자,7904,6358,2516,39.6,6265,5372,1374,25.6,1374
전기,전체,전체,1087870,801467,193812,24.2,492037,418864,109309,26.1,117095
전기,2015(누적),전체,782717,568620,131085,23.1,318585,265725,70853,26.7,78639
전기,2016,전체,50634,38632,9085,23.5,26130,23089,4676,20.3,4676
전기,2016,여자,3167,2501,783,31.3,1891,1686,327,19.4,327
전기,2017,전체,56784,43104,10831,25.1,28603,25309,9457,37.4,9457
전기,2017,여자,3943,3139,973,31,2432,2178,786,36.1,786
전기,2018,전체,59840,44920,12329,27.4,34561,30849,4412,14.3,4412
전기,2018,여자,4626,3623,1257,34.7,3231,2898,423,14.6,423
전기,2019,전체,65872,49815,14512,29.1,35745,31476,12760,40.5,12760
전기,2019,여자,5301,4197,1548,36.9,3493,3124,1362,43.6,1362
전기,2020,전체,72023,56376,15970,28.3,48413,42416,7151,16.9,7151
전기,2020,여자,6602,5292,1875,35.4,5303,4641,963,20.7,963
전기공사,전체,전체,605800,428252,142767,33.3,310968,253891,82165,32.4,86727
전기공사,2015(누적),전체,536188,377540,121288,32.1,277871,226588,70353,31,74915
전기공사,2016,전체,13648,9407,3383,36,5151,4357,1920,44.1,1920
전기공사,2016,여자,935,686,251,36.6,361,304,127,41.8,127
전기공사,2017,전체,14798,10743,4503,41.9,6236,5287,1974,37.3,1974
전기공사,2017,여자,1044,771,313,40.6,385,321,103,32.1,103
전기공사,2018,전체,13103,9430,3462,36.7,5713,4655,2162,46.4,2162
전기공사,2018,여자,1050,769,315,41,446,364,154,42.3,154
전기공사,2019,전체,17009,12263,5227,42.6,7596,6338,1852,29.2,1852
전기공사,2019,여자,1455,1082,499,46.1,670,533,137,25.7,137
전기공사,2020,전체,11054,8869,4904,55.3,8401,6666,3904,58.6,3904
전기공사,2020,여자,1269,1039,628,60.4,949,719,404,56.2,404
철도신호,전체,전체,9630,7010,1784,25.4,2788,2710,1463,54,1466
철도신호,2015(누적),전체,7915,5711,1347,23.6,2212,2144,1139,53.1,1142
철도신호,2016,전체,389,288,82,28.5,112,111,44,39.6,44
철도신호,2016,여자,35,30,6,20,9,9,2,22.2,2
철도신호,2017,전체,440,321,103,32.1,163,162,92,56.8,92
철도신호,2017,여자,42,34,16,47.1,21,21,14,66.7,14
철도신호,2018,전체,272,207,44,21.3,73,71,39,54.9,39
철도신호,2018,여자,25,20,4,20,9,9,7,77.8,7
철도신호,2019,전체,343,253,103,40.7,119,117,98,83.8,98
철도신호,2019,여자,27,17,8,47.1,9,9,8,88.9,8
철도신호,2020,전체,271,230,105,45.7,109,105,51,48.6,51
철도신호,2020,여자,29,23,11,47.8,9,9,6,66.7,6
전기철도,전체,전체,15296,10631,3431,32.3,5193,4569,2566,56.2,2609
전기철도,2015(누적),전체,14251,9829,3184,32.4,4894,4288,2404,56.1,2447
전기철도,2016,전체,263,200,54,27,65,64,35,54.7,35
전기철도,2016,여자,15,12,4,33.3,5,5,3,60,3
전기철도,2017,전체,307,226,54,23.9,70,70,39,55.7,39
전기철도,2017,여자,11,7,3,42.9,4,4,4,100,4
전기철도,2018,전체,167,119,43,36.1,45,43,36,83.7,36
전기철도,2018,여자,11,8,5,62.5,2,2,2,100,2
전기철도,2019,전체,181,148,56,37.8,58,50,23,46,23
전기철도,2019,여자,8,6,2,33.3,3,3,0,0,0
전기철도,2020,전체,127,109,40,36.7,61,54,29,53.7,29
전기철도,2020,여자,4,4,2,50,4,3,1,33.3,1
전자분야,전체,전체,89109,65132,23712,36.4,30787,26423,10075,38.1,14534
전자분야,2015(누적),전체,76538,56502,20060,35.5,25076,21351,8066,37.8,12525
전자분야,2016,전체,2848,1972,799,40.5,1119,1007,408,40.5,408
전자분야,2016,여자,482,385,173,44.9,230,206,76,36.9,76
전자분야,2017,전체,2664,1827,627,34.3,1064,966,337,34.9,337
전자분야,2017,여자,408,292,108,37,201,187,47,25.1,47
전자분야,2018,전체,2385,1605,730,45.5,1086,955,324,33.9,324
전자분야,2018,여자,379,275,151,54.9,243,209,52,24.9,52
전자분야,2019,전체,2571,1742,748,42.9,1177,1051,389,37,389
전자분야,2019,여자,423,323,150,46.4,271,247,84,34,84
전자분야,2020,전체,2103,1484,748,50.4,1265,1093,551,50.4,551
전자분야,2020,여자,450,355,205,57.7,342,297,157,52.9,157
임베디드,전체,전체,1547,1028,405,39.4,495,432,127,29.4,127
임베디드,2015(누적),전체,751,504,167,33.1,176,145,58,40,58
임베디드,2016,전체,232,150,53,35.3,69,65,4,6.2,4
임베디드,2016,여자,31,19,3,15.8,1,1,0,0,0
임베디드,2017,전체,193,128,41,32,59,50,25,50,25
임베디드,2017,여자,27,11,1,9.1,1,0,0,0,0
임베디드,2018,전체,166,113,68,60.2,68,60,17,28.3,17
임베디드,2018,여자,14,8,5,62.5,5,5,1,20,1
임베디드,2019,전체,155,101,55,54.5,75,69,1,1.4,1
임베디드,2019,여자,15,8,1,12.5,3,2,0,0,0
임베디드,2020,전체,50,32,21,65.6,48,43,22,51.2,22
임베디드,2020,여자,4,3,2,66.7,2,2,0,0,0
전자,전체,전체,52611,36549,9795,26.8,9960,8911,4211,47.3,8572
전자,2015(누적),전체,46836,33280,8956,26.9,8813,7871,3630,46.1,7991
전자,2016,전체,1299,762,197,25.9,240,224,139,62.1,139
전자,2016,여자,140,98,25,25.5,30,29,19,65.5,19
전자,2017,전체,1196,679,160,23.6,238,226,122,54,122
전자,2017,여자,137,78,25,32.1,32,31,17,54.8,17
전자,2018,전체,1082,575,141,24.5,213,198,100,50.5,100
전자,2018,여자,122,72,19,26.4,36,31,16,51.6,16
전자,2019,전체,1219,701,185,26.4,202,176,108,61.4,108
전자,2019,여자,143,92,27,29.3,29,27,17,63,17
전자,2020,전체,979,552,156,28.3,254,216,112,51.9,112
전자,2020,여자,135,83,22,26.5,35,30,17,56.7,17
반도체설계,전체,전체,1259,857,296,34.5,347,259,110,42.5,110
반도체설계,2015(누적),전체,1121,767,243,31.7,285,207,90,43.5,90
반도체설계,2016,전체,24,18,15,83.3,14,13,3,23.1,3
반도체설계,2016,여자,1,0,0,0,1,1,0,0,0
반도체설계,2017,전체,27,17,5,29.4,8,4,1,25,1
반도체설계,2017,여자,3,2,0,0,0,0,0,0,0
반도체설계,2018,전체,45,29,14,48.3,17,14,4,28.6,4
반도체설계,2018,여자,2,1,1,100,1,1,1,100,1
반도체설계,2019,전체,26,14,11,78.6,12,11,6,54.5,6
반도체설계,2019,여자,2,1,0,0,0,0,0,0,0
반도체설계,2020,전체,16,12,8,66.7,11,10,6,60,6
반도체설계,2020,여자,2,2,1,50,1,1,1,100,1
의공,전체,전체,9733,8181,4404,53.8,7906,6679,1787,26.8,1787
의공,2015(누적),전체,5943,4961,2607,52.5,4537,3731,891,23.9,891
의공,2016,전체,873,741,397,53.6,625,549,160,29.1,160
의공,2016,여자,253,219,127,58,179,156,47,30.1,47
의공,2017,전체,775,646,272,42.1,588,523,93,17.8,93
의공,2017,여자,191,165,68,41.2,154,142,20,14.1,20
의공,2018,전체,760,645,401,62.2,679,581,121,20.8,121
의공,2018,여자,199,162,111,68.5,187,159,24,15.1,24
의공,2019,전체,689,582,319,54.8,710,628,193,30.7,193
의공,2019,여자,198,173,100,57.8,217,197,58,29.4,58
의공,2020,전체,693,606,408,67.3,767,667,329,49.3,329
의공,2020,여자,246,221,156,70.6,278,245,127,51.8,127
로봇기구개발,전체,전체,35,30,8,26.7,5,4,1,25,1
로봇기구개발,2019,전체,20,16,3,18.8,0,0,0,0,0
로봇기구개발,2019,여자,2,1,0,0,0,0,0,0,0
로봇기구개발,2020,전체,15,14,5,35.7,5,4,1,25,1
로봇기구개발,2020,여자,1,1,0,0,0,0,0,0,0
로봇소프트웨어개발,전체,전체,28,20,8,40,6,5,1,20,1
로봇소프트웨어개발,2019,전체,12,7,2,28.6,0,0,0,0,0
로봇소프트웨어개발,2019,여자,1,1,0,0,0,0,0,0,0
로봇소프트웨어개발,2020,전체,16,13,6,46.2,6,5,1,20,1
로봇소프트웨어개발,2020,여자,3,2,1,50,0,0,0,0,0
로봇하드웨어개발,전체,전체,17,14,2,14.3,1,1,0,0,0
로봇하드웨어개발,2019,전체,10,9,1,11.1,0,0,0,0,0
로봇하드웨어개발,2019,여자,2,2,0,0,0,0,0,0,0
로봇하드웨어개발,2020,전체,7,5,1,20,1,1,0,0,0
로봇하드웨어개발,2020,여자,1,1,0,0,0,0,0,0,0
전자계산기,전체,전체,19531,15100,7912,52.4,11095,9192,3297,35.9,3298
전자계산기,2015(누적),전체,18114,14148,7473,52.8,10564,8722,3067,35.2,3068
전자계산기,2016,전체,306,200,83,41.5,112,101,73,72.3,73
전자계산기,2016,여자,24,17,6,35.3,8,8,6,75,6
전자계산기,2017,전체,362,261,106,40.6,126,119,61,51.3,61
전자계산기,2017,여자,34,23,9,39.1,9,9,6,66.7,6
전자계산기,2018,전체,215,141,66,46.8,73,66,48,72.7,48
전자계산기,2018,여자,21,13,7,53.8,8,7,4,57.1,4
전자계산기,2019,전체,324,211,113,53.6,121,110,28,25.5,28
전자계산기,2019,여자,38,24,14,58.3,13,12,0,0,0
전자계산기,2020,전체,210,139,71,51.1,99,74,20,27,20
전자계산기,2020,여자,37,21,10,47.6,13,7,2,28.6,2
광학,전체,전체,2084,1832,678,37,753,735,493,67.1,493
광학,2015(누적),전체,1509,1321,410,31,482,470,282,60,282
광학,2016,전체,114,101,54,53.5,59,55,29,52.7,29
광학,2016,여자,33,32,12,37.5,11,11,4,36.4,4
광학,2017,전체,111,96,43,44.8,45,44,35,79.5,35
광학,2017,여자,16,13,5,38.5,5,5,4,80,4
광학,2018,전체,117,102,40,39.2,36,36,34,94.4,34
광학,2018,여자,21,19,8,42.1,6,6,6,100,6
광학,2019,전체,116,101,59,58.4,57,57,53,93,53
광학,2019,여자,22,21,8,38.1,9,9,9,100,9
광학,2020,전체,117,111,72,64.9,74,73,60,82.2,60
광학,2020,여자,21,21,13,61.9,13,12,10,83.3,10
공업계측제어,전체,전체,2264,1521,204,13.4,219,205,48,23.4,145
공업계측제어,2015(누적),전체,2264,1521,204,13.4,219,205,48,23.4,145
정보기술분야,전체,전체,2625340,1878323,891454,47.5,1499425,1227747,638809,52,642112
정보기술분야,2015(누적),전체,2215042,1590031,751986,47.3,1238452,1022153,557932,54.6,561235
정보기술분야,2016,전체,92519,63970,28875,45.1,47566,40152,23848,59.4,23848
정보기술분야,2016,여자,23166,16927,8392,49.6,13484,11567,7285,63,7286
정보기술분야,2017,전체,81398,56181,23410,41.7,41972,32580,8264,25.4,8264
정보기술분야,2017,여자,20325,14697,6618,45,11787,9359,2218,23.7,2218
정보기술분야,2018,전체,78225,53576,25892,48.3,49150,37994,17717,46.6,17717
정보기술분야,2018,여자,20495,14709,7719,52.5,14565,11525,5526,47.9,5527
정보기술분야,2019,전체,87742,61930,33939,54.8,61489,48436,23179,47.9,23179
정보기술분야,2019,여자,25016,18644,10883,58.4,19298,15668,7881,50.3,7881
정보기술분야,2020,전체,70414,52635,27352,52,60796,46432,7869,16.9,7869
정보기술분야,2020,여자,22439,17437,9908,56.8,21703,16641,2759,16.6,2759
정보처리,전체,전체,2480510,1777239,853599,48,1430911,1175064,628591,53.5,631892
정보처리,2015(누적),전체,2138621,1535313,729086,47.5,1202005,993845,551205,55.5,554506
정보처리,2016,전체,78283,54325,26040,47.9,41854,35696,23371,65.5,23371
정보처리,2016,여자,20934,15390,8004,52,12746,10985,7218,65.7,7219
정보처리,2017,전체,68177,46812,19937,42.6,34831,27202,7452,27.4,7452
정보처리,2017,여자,18058,13060,6021,46.1,10679,8533,2107,24.7,2107
정보처리,2018,전체,65618,44665,22976,51.4,42647,33101,16727,50.5,16727
정보처리,2018,여자,18196,13094,7198,55,13493,10729,5372,50.1,5373
정보처리,2019,전체,74027,52845,30740,58.2,55349,43763,22495,51.4,22495
정보처리,2019,여자,22386,16884,10271,60.8,18225,14864,7758,52.2,7758
정보처리,2020,전체,55784,43279,24820,57.3,54225,41457,7341,17.7,7341
정보처리,2020,여자,19080,15235,9371,61.5,20446,15756,2682,17,2682
전자계산기조직응용,전체,전체,44961,33666,17812,52.9,25688,20461,6654,32.5,6656
전자계산기조직응용,2015(누적),전체,41059,30732,16117,52.4,23641,18710,5714,30.5,5716
전자계산기조직응용,2016,전체,722,543,325,59.9,348,312,171,54.8,171
전자계산기조직응용,2016,여자,92,72,52,72.2,56,54,36,66.7,36
전자계산기조직응용,2017,전체,686,540,268,49.6,306,256,181,70.7,181
전자계산기조직응용,2017,여자,106,85,56,65.9,50,41,29,70.7,29
전자계산기조직응용,2018,전체,634,468,268,57.3,274,243,185,76.1,185
전자계산기조직응용,2018,여자,99,82,58,70.7,52,46,38,82.6,38
전자계산기조직응용,2019,전체,797,592,388,65.5,384,337,223,66.2,223
전자계산기조직응용,2019,여자,137,116,86,74.1,79,73,49,67.1,49
전자계산기조직응용,2020,전체,1063,791,446,56.4,735,603,180,29.9,180
전자계산기조직응용,2020,여자,205,157,87,55.4,139,112,30,26.8,30
정보보안,전체,전체,99869,67418,20043,29.7,42826,32222,3564,11.1,3564
정보보안,2015(누적),전체,35362,23986,6783,28.3,12806,9598,1013,10.6,1013
정보보안,2016,전체,13514,9102,2510,27.6,5364,4144,306,7.4,306
정보보안,2016,여자,2140,1465,336,22.9,682,528,31,5.9,31
정보보안,2017,전체,12535,8829,3205,36.3,6835,5122,631,12.3,631
정보보안,2017,여자,2161,1552,541,34.9,1058,785,82,10.4,82
정보보안,2018,전체,11973,8443,2648,31.4,6229,4650,805,17.3,805
정보보안,2018,여자,2200,1533,463,30.2,1020,750,116,15.5,116
정보보안,2019,전체,12918,8493,2811,33.1,5756,4336,461,10.6,461
정보보안,2019,여자,2493,1644,526,32,994,731,74,10.1,74
정보보안,2020,전체,13567,8565,2086,24.4,5836,4372,348,8,348
정보보안,2020,여자,3154,2045,450,22,1118,773,47,6.1,47
방송.무선분야,전체,전체,242681,177899,55544,31.2,81078,72292,38330,53,38943
방송.무선분야,2015(누적),전체,228492,166640,50035,30,74646,66117,33431,50.6,34044
방송.무선분야,2016,전체,2983,2365,1227,51.9,1400,1350,1130,83.7,1130
방송.무선분야,2016,여자,530,442,234,52.9,246,236,212,89.8,212
방송.무선분야,2017,전체,3013,2395,992,41.4,1241,1187,880,74.1,880
방송.무선분야,2017,여자,516,422,192,45.5,229,220,170,77.3,170
방송.무선분야,2018,전체,2681,2109,1147,54.4,1326,1281,1035,80.8,1035
방송.무선분야,2018,여자,504,414,241,58.2,291,280,233,83.2,233
방송.무선분야,2019,전체,2853,2289,1141,49.8,1312,1253,984,78.5,984
방송.무선분야,2019,여자,599,495,265,53.5,286,282,241,85.5,241
방송.무선분야,2020,전체,2659,2101,1002,47.7,1153,1104,870,78.8,870
방송.무선분야,2020,여자,619,495,238,48.1,264,259,224,86.5,224
방송통신,전체,전체,3247,2391,1135,47.5,1346,1191,756,63.5,756
방송통신,2015(누적),전체,2199,1526,627,41.1,794,667,318,47.7,318
방송통신,2016,전체,132,110,54,49.1,56,51,48,94.1,48
방송통신,2016,여자,12,10,7,70,5,4,4,100,4
방송통신,2017,전체,217,181,113,62.4,114,110,95,86.4,95
방송통신,2017,여자,23,15,12,80,12,11,9,81.8,9
방송통신,2018,전체,312,266,169,63.5,188,179,156,87.2,156
방송통신,2018,여자,37,34,23,67.6,24,21,20,95.2,20
방송통신,2019,전체,186,141,67,47.5,70,67,50,74.6,50
방송통신,2019,여자,23,19,13,68.4,13,12,10,83.3,10
방송통신,2020,전체,201,167,105,62.9,124,117,89,76.1,89
방송통신,2020,여자,26,21,15,71.4,18,18,17,94.4,17
무선설비,전체,전체,193358,141909,47619,33.6,68253,60954,36184,59.4,38187
무선설비,2015(누적),전체,180217,131515,42618,32.4,62373,55303,31723,57.4,33726
무선설비,2016,전체,2851,2255,1173,52,1344,1299,1082,83.3,1082
무선설비,2016,여자,518,432,227,52.5,241,232,208,89.7,208
무선설비,2017,전체,2796,2214,879,39.7,1127,1077,785,72.9,785
무선설비,2017,여자,493,407,180,44.2,217,209,161,77,161
무선설비,2018,전체,2369,1843,978,53.1,1138,1102,879,79.8,879
무선설비,2018,여자,467,380,218,57.4,267,259,213,82.2,213
무선설비,2019,전체,2667,2148,1074,50,1242,1186,934,78.8,934
무선설비,2019,여자,576,476,252,52.9,273,270,231,85.6,231
무선설비,2020,전체,2458,1934,897,46.4,1029,987,781,79.1,781
무선설비,2020,여자,593,474,223,47,246,241,207,85.9,207
유선설비1급,전체,전체,46076,33599,6790,20.2,11479,10147,1390,13.7,0
유선설비1급,2015(누적),전체,46076,33599,6790,20.2,11479,10147,1390,13.7,0
통신분야,전체,전체,218975,155708,54230,34.8,92961,76398,25387,33.2,20614
통신분야,2015(누적),전체,201304,142482,47360,33.2,81114,66703,20626,30.9,15853
통신분야,2016,전체,2964,2216,1099,49.6,1892,1500,462,30.8,462
통신분야,2016,여자,449,351,198,56.4,301,257,81,31.5,81
통신분야,2017,전체,3079,2257,1157,51.3,2181,1762,813,46.1,813
통신분야,2017,여자,506,378,216,57.1,385,325,147,45.2,147
통신분야,2018,전체,3304,2449,1480,60.4,2276,1876,1107,59,1107
통신분야,2018,여자,549,426,278,65.3,439,362,221,61,221
통신분야,2019,전체,4167,3209,1558,48.6,2811,2355,1082,45.9,1082
통신분야,2019,여자,866,667,340,51,568,487,219,45,219
통신분야,2020,전체,4157,3095,1576,50.9,2687,2202,1297,58.9,1297
통신분야,2020,여자,849,655,368,56.2,625,504,329,65.3,329
전파통신,전체,전체,6012,4440,1085,24.4,1475,1307,794,60.7,1250
전파통신,2015(누적),전체,6012,4440,1085,24.4,1475,1307,794,60.7,1250
전파전자,전체,전체,896,631,181,28.7,210,196,153,78.1,152
전파전자,2015(누적),전체,896,631,181,28.7,210,196,153,78.1,152
정보통신,전체,전체,210428,149379,52385,35.1,90657,74291,23953,32.2,18725
정보통신,2015(누적),전체,193922,137038,45975,33.5,79307,65083,19567,30.1,14339
정보통신,2016,전체,2770,2067,1035,50.1,1839,1448,419,28.9,419
정보통신,2016,여자,436,339,192,56.6,296,252,79,31.3,79
정보통신,2017,전체,2823,2066,1053,51,2074,1656,726,43.8,726
정보통신,2017,여자,487,362,202,55.8,370,310,135,43.5,135
정보통신,2018,전체,3065,2281,1386,60.8,2166,1771,1039,58.7,1039
정보통신,2018,여자,531,412,269,65.3,429,352,214,60.8,214
정보통신,2019,전체,3917,2999,1442,48.1,2687,2232,985,44.1,985
정보통신,2019,여자,847,648,325,50.2,554,473,207,43.8,207
정보통신,2020,전체,3931,2928,1494,51,2584,2101,1217,57.9,1217
정보통신,2020,여자,832,640,360,56.3,614,493,320,64.9,320
전파전자통신,전체,전체,1639,1258,579,46,619,604,487,80.6,487
전파전자통신,2015(누적),전체,474,373,119,31.9,122,117,112,95.7,112
전파전자통신,2016,전체,194,149,64,43,53,52,43,82.7,43
전파전자통신,2016,여자,13,12,6,50,5,5,2,40,2
전파전자통신,2017,전체,256,191,104,54.5,107,106,87,82.1,87
전파전자통신,2017,여자,19,16,14,87.5,15,15,12,80,12
전파전자통신,2018,전체,239,168,94,56,110,105,68,64.8,68
전파전자통신,2018,여자,18,14,9,64.3,10,10,7,70,7
전파전자통신,2019,전체,250,210,116,55.2,124,123,97,78.9,97
전파전자통신,2019,여자,19,19,15,78.9,14,14,12,85.7,12
전파전자통신,2020,전체,226,167,82,49.1,103,101,80,79.2,80
전파전자통신,2020,여자,17,15,8,53.3,11,11,9,81.8,9
식품분야,전체,전체,148589,117862,43234,36.7,72019,64476,21152,32.8,23981
식품분야,2015(누적),전체,105349,82409,27057,32.8,41888,37402,13961,37.3,16790
식품분야,2016,전체,7958,6384,2807,44,5098,4839,1159,24,1159
식품분야,2016,여자,5558,4472,1999,44.7,3679,3489,825,23.6,825
식품분야,2017,전체,8434,6901,2417,35,5038,4745,1016,21.4,1016
식품분야,2017,여자,5938,4898,1689,34.5,3551,3342,703,21,703
식품분야,2018,전체,8465,6820,3112,45.6,5062,4748,2178,45.9,2178
식품분야,2018,여자,5684,4609,2087,45.3,3480,3271,1494,45.7,1494
식품분야,2019,전체,9024,7410,3544,47.8,5868,5557,2018,36.3,2018
식품분야,2019,여자,6069,5051,2475,49,4085,3890,1396,35.9,1396
식품분야,2020,전체,9359,7938,4297,54.1,9065,7185,820,11.4,820
식품분야,2020,여자,6557,5586,3072,55,6537,5202,531,10.2,531
식품,전체,전체,143578,113863,41399,36.4,70108,62796,20212,32.2,22487
식품,2015(누적),전체,100991,78944,25529,32.3,40218,35950,13147,36.6,15422
식품,2016,전체,7915,6351,2801,44.1,5078,4820,1155,24,1155
식품,2016,여자,5534,4454,1996,44.8,3668,3479,824,23.7,824
식품,2017,전체,8394,6869,2396,34.9,5013,4721,1013,21.5,1013
식품,2017,여자,5916,4880,1675,34.3,3535,3326,702,21.1,702
식품,2018,전체,8174,6580,2952,44.9,5045,4735,2174,45.9,2174
식품,2018,여자,5592,4528,2035,44.9,3470,3264,1492,45.7,1492
식품,2019,전체,8824,7245,3463,47.8,5741,5434,1938,35.7,1938
식품,2019,여자,6011,5002,2449,49,4047,3854,1369,35.5,1369
식품,2020,전체,9280,7874,4258,54.1,9013,7136,785,11,785
식품,2020,여자,6532,5567,3060,55,6521,5186,518,10,518
수산제조,전체,전체,4535,3606,1592,44.1,1763,1536,852,55.5,1406
수산제조,2015(누적),전체,4358,3465,1528,44.1,1670,1452,814,56.1,1368
수산제조,2016,전체,43,33,6,18.2,20,19,4,21.1,4
수산제조,2016,여자,24,18,3,16.7,11,10,1,10,1
수산제조,2017,전체,40,32,21,65.6,25,24,3,12.5,3
수산제조,2017,여자,22,18,14,77.8,16,16,1,6.3,1
수산제조,2018,전체,29,27,12,44.4,17,13,4,30.8,4
수산제조,2018,여자,14,13,6,46.2,10,7,2,28.6,2
수산제조,2019,전체,36,25,9,36,15,13,13,100,13
수산제조,2019,여자,16,10,3,30,7,5,5,100,5
수산제조,2020,전체,29,24,16,66.7,16,15,14,93.3,14
수산제조,2020,여자,15,12,7,58.3,6,6,6,100,6
식육가공,전체,전체,476,393,243,61.8,148,144,88,61.1,88
식육가공,2018,전체,262,213,148,69.5,0,0,0,0,0
식육가공,2018,여자,78,68,46,67.6,0,0,0,0,0
식육가공,2019,전체,164,140,72,51.4,112,110,67,60.9,67
식육가공,2019,여자,42,39,23,59,31,31,22,71,22
식육가공,2020,전체,50,40,23,57.5,36,34,21,61.8,21
식육가공,2020,여자,10,7,5,71.4,10,10,7,70,7
인쇄.사진분야,전체,전체,3994,3454,1111,32.2,1249,1231,883,71.7,883
인쇄.사진분야,2015(누적),전체,3708,3195,991,31,1127,1109,778,70.2,778
인쇄.사진분야,2016,전체,66,57,31,54.4,33,33,29,87.9,29
인쇄.사진분야,2016,여자,14,12,9,75,10,10,10,100,10
인쇄.사진분야,2017,전체,68,65,38,58.5,38,38,30,78.9,30
인쇄.사진분야,2017,여자,12,11,11,100,9,9,8,88.9,8
인쇄.사진분야,2018,전체,61,55,10,18.2,16,16,12,75,12
인쇄.사진분야,2018,여자,11,11,0,0,0,0,0,0,0
인쇄.사진분야,2019,전체,38,33,11,33.3,13,13,13,100,13
인쇄.사진분야,2019,여자,12,10,5,50,5,5,5,100,5
인쇄.사진분야,2020,전체,53,49,30,61.2,22,22,21,95.5,21
인쇄.사진분야,2020,여자,23,22,13,59.1,6,6,6,100,6
인쇄,전체,전체,3220,2782,816,29.3,927,917,667,72.7,883
인쇄,2015(누적),전체,2934,2523,696,27.6,805,795,562,70.7,778
인쇄,2016,전체,66,57,31,54.4,33,33,29,87.9,29
인쇄,2016,여자,14,12,9,75,10,10,10,100,10
인쇄,2017,전체,68,65,38,58.5,38,38,30,78.9,30
인쇄,2017,여자,12,11,11,100,9,9,8,88.9,8
인쇄,2018,전체,61,55,10,18.2,16,16,12,75,12
인쇄,2018,여자,11,11,0,0,0,0,0,0,0
인쇄,2019,전체,38,33,11,33.3,13,13,13,100,13
인쇄,2019,여자,12,10,5,50,5,5,5,100,5
인쇄,2020,전체,53,49,30,61.2,22,22,21,95.5,21
인쇄,2020,여자,23,22,13,59.1,6,6,6,100,6
제판,전체,전체,774,672,295,43.9,322,314,216,68.8,0
제판,2015(누적),전체,774,672,295,43.9,322,314,216,68.8,0
농업분야,전체,전체,82968,64824,27605,42.6,55573,46539,13074,28.1,13393
농업분야,2015(누적),전체,60502,47187,19198,40.7,39380,32584,8754,26.9,9073
농업분야,2016,전체,4862,3801,1763,46.4,2645,2386,963,40.4,963
농업분야,2016,여자,2480,2035,998,49,1441,1329,581,43.7,581
농업분야,2017,전체,4522,3565,1629,45.7,3187,2816,531,18.9,531
농업분야,2017,여자,2422,1969,949,48.2,1705,1546,330,21.3,330
농업분야,2018,전체,4612,3565,1397,39.2,3068,2693,943,35,943
농업분야,2018,여자,2522,1997,827,41.4,1690,1538,600,39,600
농업분야,2019,전체,4397,3457,1649,47.7,3333,2926,892,30.5,892
농업분야,2019,여자,2327,1878,927,49.4,1801,1615,549,34,549
농업분야,2020,전체,4073,3249,1969,60.6,3960,3134,991,31.6,991
농업분야,2020,여자,2220,1786,1144,64.1,2218,1814,584,32.2,584
종자,전체,전체,46991,36983,13417,36.3,25636,22553,7192,31.9,7461
종자,2015(누적),전체,35015,27340,8945,32.7,17022,14831,4825,32.5,5094
종자,2016,전체,2476,2001,919,45.9,1232,1191,448,37.6,448
종자,2016,여자,1323,1113,527,47.3,716,699,284,40.6,284
종자,2017,전체,2308,1885,831,44.1,1606,1523,385,25.3,385
종자,2017,여자,1226,1032,455,44.1,883,839,233,27.8,233
종자,2018,전체,2527,1997,724,36.3,1596,1486,544,36.6,544
종자,2018,여자,1365,1109,397,35.8,843,810,322,39.8,322
종자,2019,전체,2395,1927,895,46.4,1840,1683,436,25.9,436
종자,2019,여자,1240,1018,477,46.9,968,901,247,27.4,247
종자,2020,전체,2270,1833,1103,60.2,2340,1839,554,30.1,554
종자,2020,여자,1219,990,617,62.3,1311,1057,326,30.8,326
화훼장식,전체,전체,6441,5575,3890,69.8,5329,4934,1938,39.3,1938
화훼장식,2015(누적),전체,4600,3985,2705,67.9,3822,3509,1273,36.3,1273
화훼장식,2016,전체,365,325,267,82.2,288,270,134,49.6,134
화훼장식,2016,여자,333,297,245,82.5,271,253,128,50.6,128
화훼장식,2017,전체,377,329,257,78.1,330,307,62,20.2,62
화훼장식,2017,여자,342,301,240,79.7,305,285,60,21.1,60
화훼장식,2018,전체,368,301,200,66.4,334,315,172,54.6,172
화훼장식,2018,여자,344,287,192,66.9,314,297,164,55.2,164
화훼장식,2019,전체,361,310,204,65.8,286,270,197,73,197
화훼장식,2019,여자,331,284,191,67.3,272,256,189,73.8,189
화훼장식,2020,전체,370,325,257,79.1,269,263,100,38,100
화훼장식,2020,여자,341,300,238,79.3,250,246,93,37.8,93
유기농업,전체,전체,27063,20387,9765,47.9,23752,18325,3785,20.7,3791
유기농업,2015(누적),전체,18822,14290,7109,49.7,17777,13605,2529,18.6,2535
유기농업,2016,전체,1943,1423,556,39.1,1102,905,370,40.9,370
유기농업,2016,여자,809,614,222,36.2,451,374,166,44.4,166
유기농업,2017,전체,1763,1293,529,40.9,1235,974,83,8.5,83
유기농업,2017,여자,840,627,251,40,514,419,37,8.8,37
유기농업,2018,전체,1637,1206,454,37.6,1118,872,213,24.4,213
유기농업,2018,여자,788,580,230,39.7,526,424,108,25.5,108
유기농업,2019,전체,1576,1172,543,46.3,1197,963,254,26.4,254
유기농업,2019,여자,736,560,258,46.1,560,457,112,24.5,112
유기농업,2020,전체,1322,1003,574,57.2,1323,1006,336,33.4,336
유기농업,2020,여자,630,473,279,59,647,501,165,32.9,165
농화학,전체,전체,456,327,45,13.8,56,52,24,46.2,68
농화학,2015(누적),전체,456,327,45,13.8,56,52,24,46.2,68
시설원예,전체,전체,2017,1552,488,31.4,800,675,135,20,135
시설원예,2015(누적),전체,1609,1245,394,31.6,703,587,103,17.5,103
시설원예,2016,전체,78,52,21,40.4,23,20,11,55,11
시설원예,2016,여자,15,11,4,36.4,3,3,3,100,3
시설원예,2017,전체,74,58,12,20.7,16,12,1,8.3,1
시설원예,2017,여자,14,9,3,33.3,3,3,0,0,0
시설원예,2018,전체,80,61,19,31.1,20,20,14,70,14
시설원예,2018,여자,25,21,8,38.1,7,7,6,85.7,6
시설원예,2019,전체,65,48,7,14.6,10,10,5,50,5
시설원예,2019,여자,20,16,1,6.3,1,1,1,100,1
시설원예,2020,전체,111,88,35,39.8,28,26,1,3.8,1
시설원예,2020,여자,30,23,10,43.5,10,10,0,0,0
축산분야,전체,전체,31507,25529,9557,37.4,13630,12322,6907,56.1,6907
축산분야,2015(누적),전체,22073,17873,6058,33.9,8668,7692,4216,54.8,4216
축산분야,2016,전체,1802,1450,568,39.2,706,680,502,73.8,502
축산분야,2016,여자,572,479,218,45.5,272,262,207,79,207
축산분야,2017,전체,1784,1475,687,46.6,880,848,599,70.6,599
축산분야,2017,여자,612,526,283,53.8,353,342,251,73.4,251
축산분야,2018,전체,1660,1378,532,38.6,758,728,430,59.1,430
축산분야,2018,여자,568,491,200,40.7,258,252,168,66.7,168
축산분야,2019,전체,2247,1790,853,47.7,1040,994,784,78.9,784
축산분야,2019,여자,762,635,324,51,376,366,300,82,300
축산분야,2020,전체,1941,1563,859,55,1578,1380,376,27.2,376
축산분야,2020,여자,717,600,365,60.8,666,588,160,27.2,160
축산,전체,전체,31507,25529,9557,37.4,13630,12322,6907,56.1,6907
축산,2015(누적),전체,22073,17873,6058,33.9,8668,7692,4216,54.8,4216
축산,2016,전체,1802,1450,568,39.2,706,680,502,73.8,502
축산,2016,여자,572,479,218,45.5,272,262,207,79,207
축산,2017,전체,1784,1475,687,46.6,880,848,599,70.6,599
축산,2017,여자,612,526,283,53.8,353,342,251,73.4,251
축산,2018,전체,1660,1378,532,38.6,758,728,430,59.1,430
축산,2018,여자,568,491,200,40.7,258,252,168,66.7,168
축산,2019,전체,2247,1790,853,47.7,1040,994,784,78.9,784
축산,2019,여자,762,635,324,51,376,366,300,82,300
축산,2020,전체,1941,1563,859,55,1578,1380,376,27.2,376
축산,2020,여자,717,600,365,60.8,666,588,160,27.2,160
임업분야,전체,전체,167019,126906,41798,32.9,78837,70389,30908,43.9,31150
임업분야,2015(누적),전체,108072,81714,24587,30.1,49901,44036,16958,38.5,17200
임업분야,2016,전체,11768,8845,2864,32.4,4992,4563,1701,37.3,1701
임업분야,2016,여자,3642,2862,1014,35.4,1706,1594,659,41.3,659
임업분야,2017,전체,11240,8408,3506,41.7,6319,5746,2508,43.6,2508
임업분야,2017,여자,3741,2919,1288,44.1,2163,2013,955,47.4,955
임업분야,2018,전체,11509,8806,3111,35.3,5746,5170,2967,57.4,2967
임업분야,2018,여자,4038,3210,1188,37,2067,1882,1121,59.6,1121
임업분야,2019,전체,12442,9663,3873,40.1,6041,5533,3166,57.2,3166
임업분야,2019,여자,4638,3748,1548,41.3,2333,2186,1296,59.3,1296
임업분야,2020,전체,11988,9470,3857,40.7,5838,5341,3608,67.6,3608
임업분야,2020,여자,4571,3693,1538,41.6,2251,2076,1470,70.8,1470
식물보호,전체,전체,73810,55357,19345,34.9,34794,31166,13792,44.3,13794
식물보호,2015(누적),전체,46875,34542,10787,31.2,20852,18478,7145,38.7,7147
식물보호,2016,전체,4852,3597,1244,34.6,2178,2004,855,42.7,855
식물보호,2016,여자,1870,1454,544,37.4,917,851,386,45.4,386
식물보호,2017,전체,5187,3957,1709,43.2,2747,2502,1006,40.2,1006
식물보호,2017,여자,2156,1700,776,45.6,1201,1111,483,43.5,483
식물보호,2018,전체,5271,4130,1527,37,2860,2578,1344,52.1,1344
식물보호,2018,여자,2309,1857,711,38.3,1291,1167,649,55.6,649
식물보호,2019,전체,5903,4605,1988,43.2,2972,2712,1611,59.4,1611
식물보호,2019,여자,2633,2116,913,43.1,1353,1249,760,60.8,760
식물보호,2020,전체,5722,4526,2090,46.2,3185,2892,1831,63.3,1831
식물보호,2020,여자,2567,2082,968,46.5,1422,1300,890,68.5,890
산림,전체,전체,78853,60102,18833,31.3,38837,34445,14647,42.5,16182
산림,2015(누적),전체,48041,36758,10711,29.1,24477,21394,7764,36.3,9299
산림,2016,전체,6651,5026,1515,30.1,2673,2420,748,30.9,748
산림,2016,여자,1702,1341,435,32.4,747,701,241,34.4,241
산림,2017,전체,5782,4213,1686,40,3439,3118,1406,45.1,1406
산림,2017,여자,1511,1148,474,41.3,916,856,436,50.9,436
산림,2018,전체,5976,4451,1458,32.8,2752,2463,1527,62,1527
산림,2018,여자,1665,1294,434,33.5,726,669,435,65,435
산림,2019,전체,6328,4876,1794,36.8,2966,2721,1517,55.8,1517
산림,2019,여자,1944,1579,603,38.2,941,898,522,58.1,522
산림,2020,전체,6075,4778,1669,34.9,2530,2329,1685,72.3,1685
산림,2020,여자,1949,1560,534,34.2,784,732,548,74.9,548
산림공학,전체,전체,272,205,55,26.8,71,58,30,51.7,0
산림공학,2015(누적),전체,272,205,55,26.8,71,58,30,51.7,0
산림경영,전체,전체,9149,7205,2184,30.3,3671,3308,1505,45.5,0
산림경영,2015(누적),전체,9149,7205,2184,30.3,3671,3308,1505,45.5,0
임업종묘,전체,전체,2473,1921,467,24.3,467,438,289,66,400
임업종묘,2015(누적),전체,2117,1643,385,23.4,390,365,219,60,330
임업종묘,2016,전체,57,43,16,37.2,13,13,12,92.3,12
임업종묘,2016,여자,12,10,3,30,2,2,2,100,2
임업종묘,2017,전체,59,46,13,28.3,15,13,12,92.3,12
임업종묘,2017,여자,9,6,3,50,3,3,3,100,3
임업종묘,2018,전체,89,64,15,23.4,12,11,11,100,11
임업종묘,2018,여자,8,4,1,25,0,0,0,0,0
임업종묘,2019,전체,77,60,14,23.3,12,12,12,100,12
임업종묘,2019,여자,13,9,2,22.2,2,2,2,100,2
임업종묘,2020,전체,74,65,24,36.9,25,24,23,95.8,23
임업종묘,2020,여자,13,12,6,50,7,6,5,83.3,5
임산가공,전체,전체,2462,2116,914,43.2,997,974,645,66.2,774
임산가공,2015(누적),전체,1618,1361,465,34.2,440,433,295,68.1,424
임산가공,2016,전체,208,179,89,49.7,128,126,86,68.3,86
임산가공,2016,여자,58,57,32,56.1,40,40,30,75,30
임산가공,2017,전체,212,192,98,51,118,113,84,74.3,84
임산가공,2017,여자,65,65,35,53.8,43,43,33,76.7,33
임산가공,2018,전체,173,161,111,68.9,122,118,85,72,85
임산가공,2018,여자,56,55,42,76.4,50,46,37,80.4,37
임산가공,2019,전체,134,122,77,63.1,91,88,26,29.5,26
임산가공,2019,여자,48,44,30,68.2,37,37,12,32.4,12
임산가공,2020,전체,117,101,74,73.3,98,96,69,71.9,69
임산가공,2020,여자,42,39,30,76.9,38,38,27,71.1,27
어업분야,전체,전체,20956,17317,6304,36.4,10285,8799,3277,37.2,3185
어업분야,2015(누적),전체,15874,13143,4445,33.8,6878,6000,2293,38.2,2201
어업분야,2016,전체,962,781,312,39.9,537,449,121,26.9,121
어업분야,2016,여자,401,334,142,42.5,266,224,61,27.2,61
어업분야,2017,전체,1031,861,342,39.7,597,494,234,47.4,234
어업분야,2017,여자,432,379,165,43.5,282,236,109,46.2,109
어업분야,2018,전체,1100,906,432,47.7,643,534,197,36.9,197
어업분야,2018,여자,478,396,208,52.5,325,274,111,40.5,111
어업분야,2019,전체,1063,867,393,45.3,805,670,221,33,221
어업분야,2019,여자,450,379,188,49.6,368,313,102,32.6,102
어업분야,2020,전체,926,759,380,50.1,825,652,211,32.4,211
어업분야,2020,여자,421,348,176,50.6,407,324,102,31.5,102
해양생산관리,전체,전체,711,549,270,49.2,383,335,151,45.1,0
해양생산관리,2015(누적),전체,711,549,270,49.2,383,335,151,45.1,0
수산양식(1류),전체,전체,906,783,344,43.9,454,436,233,53.4,243
수산양식(1류),2015(누적),전체,906,783,344,43.9,454,436,233,53.4,243
수산양식(2류),전체,전체,236,220,147,66.8,179,170,93,54.7,93
수산양식(2류),2015(누적),전체,236,220,147,66.8,179,170,93,54.7,93
수산양식(3류),전체,전체,67,60,30,50,35,34,20,58.8,20
수산양식(3류),2015(누적),전체,67,60,30,50,35,34,20,58.8,20
수산양식(4류),전체,전체,162,146,97,66.4,124,110,62,56.4,62
수산양식(4류),2015(누적),전체,162,146,97,66.4,124,110,62,56.4,62
수산양식,전체,전체,15489,12710,4161,32.7,7448,6207,2020,32.5,2379
수산양식,2015(누적),전체,10827,8882,2494,28.1,4286,3629,1118,30.8,1477
수산양식,2016,전체,858,699,275,39.3,494,412,121,29.4,121
수산양식,2016,여자,357,302,122,40.4,240,200,61,30.5,61
수산양식,2017,전체,908,755,260,34.4,501,404,176,43.6,176
수산양식,2017,여자,381,333,123,36.9,233,189,79,41.8,79
수산양식,2018,전체,1018,838,405,48.3,603,496,195,39.3,195
수산양식,2018,여자,451,374,200,53.5,308,258,109,42.2,109
수산양식,2019,전체,998,813,366,45,765,634,212,33.4,212
수산양식,2019,여자,420,355,174,49,351,296,97,32.8,97
수산양식,2020,전체,880,723,361,49.9,799,632,198,31.3,198
수산양식,2020,여자,409,337,170,50.4,398,316,97,30.7,97
어병,전체,전체,1623,1407,645,45.8,839,798,461,57.8,0
어병,2015(누적),전체,1623,1407,645,45.8,839,798,461,57.8,0
어로,전체,전체,986,814,314,38.6,456,386,118,30.6,0
어로,2015(누적),전체,986,814,314,38.6,456,386,118,30.6,0
어업생산관리,전체,전체,776,628,296,47.1,367,323,119,36.8,388
어업생산관리,2015(누적),전체,356,282,104,36.9,122,102,37,36.3,306
어업생산관리,2016,전체,104,82,37,45.1,43,37,0,0,0
어업생산관리,2016,여자,44,32,20,62.5,26,24,0,0,0
어업생산관리,2017,전체,123,106,82,77.4,96,90,58,64.4,58
어업생산관리,2017,여자,51,46,42,91.3,49,47,30,63.8,30
어업생산관리,2018,전체,82,68,27,39.7,40,38,2,5.3,2
어업생산관리,2018,여자,27,22,8,36.4,17,16,2,12.5,2
어업생산관리,2019,전체,65,54,27,50,40,36,9,25,9
어업생산관리,2019,여자,30,24,14,58.3,17,17,5,29.4,5
어업생산관리,2020,전체,46,36,19,52.8,26,20,13,65,13
어업생산관리,2020,여자,12,11,6,54.5,9,8,5,62.5,5
안전관리분야,전체,전체,2390557,1687312,682781,40.5,1328107,1050622,365936,34.8,354665
안전관리분야,2015(누적),전체,1795496,1256058,488122,38.9,988474,763674,238815,31.3,227544
안전관리분야,2016,전체,96677,68527,29426,42.9,49979,42025,15990,38,15990
안전관리분야,2016,여자,10014,7544,3404,45.1,5440,4722,1814,38.4,1814
안전관리분야,2017,전체,108857,78225,30193,38.6,58138,49428,22784,46.1,22784
안전관리분야,2017,여자,11644,8803,3735,42.4,6931,5975,2616,43.8,2616
안전관리분야,2018,전체,120573,87487,33097,37.8,56419,48014,22717,47.3,22717
안전관리분야,2018,여자,13061,9803,4116,42,7003,6039,2605,43.1,2605
안전관리분야,2019,전체,142602,103283,50277,48.7,78824,67906,29971,44.1,29956
안전관리분야,2019,여자,15591,11667,5743,49.2,9275,8059,3480,43.2,3480
안전관리분야,2020,전체,126352,93732,51666,55.1,96273,79575,35659,44.8,35674
안전관리분야,2020,여자,15903,11949,6785,56.8,11930,9905,4727,47.7,4727
산업안전,전체,전체,614462,435636,156495,35.9,267571,225488,91783,40.7,98035
산업안전,2015(누적),전체,417273,293189,89205,30.4,163313,134863,44826,33.2,51078
산업안전,2016,전체,32528,23322,9780,41.9,13850,12135,6882,56.7,6882
산업안전,2016,여자,3376,2601,1159,44.6,1537,1375,715,52,714
산업안전,2017,전체,34958,25088,11138,44.4,18378,16019,7886,49.2,7886
산업안전,2017,여자,3644,2756,1313,47.6,2106,1878,872,46.4,872
산업안전,2018,전체,37877,27018,11641,43.1,18285,15755,7600,48.2,7600
산업안전,2018,여자,3901,2901,1369,47.2,2190,1926,891,46.3,891
산업안전,2019,전체,45831,33287,15076,45.3,23710,20704,9765,47.2,9765
산업안전,2019,여자,5031,3810,1849,48.5,2736,2420,1111,45.9,1111
산업안전,2020,전체,45995,33732,19655,58.3,30035,26012,14824,57,14824
산업안전,2020,여자,5886,4423,2779,62.8,4066,3536,1986,56.2,1986
건설안전,전체,전체,385694,259972,102329,39.4,181983,142600,60979,42.8,62712
건설안전,2015(누적),전체,307931,205684,77546,37.7,143776,109827,42665,38.8,44398
건설안전,2016,전체,13181,8931,3956,44.3,5883,4941,2692,54.5,2692
건설안전,2016,여자,1427,1052,490,46.6,714,610,296,48.5,297
건설안전,2017,전체,13786,9335,4026,43.1,6892,5869,3077,52.4,3077
건설안전,2017,여자,1553,1137,501,44.1,854,748,373,49.9,373
건설안전,2018,전체,15018,10421,3806,36.5,6364,5384,3244,60.3,3244
건설안전,2018,여자,1638,1182,427,36.1,747,641,333,52,333
건설안전,2019,전체,18833,13212,6388,48.3,8647,7584,4607,60.7,4607
건설안전,2019,여자,2104,1527,701,45.9,961,854,470,55,470
건설안전,2020,전체,16945,12389,6607,53.3,10421,8995,4694,52.2,4694
건설안전,2020,여자,2102,1516,791,52.2,1284,1112,543,48.8,543
화재감식평가,전체,전체,15560,12740,10275,80.7,14852,12588,3852,30.6,3852
화재감식평가,2015(누적),전체,6229,5191,4410,85,5967,5100,1069,21,1069
화재감식평가,2016,전체,1413,1176,880,74.8,1181,1025,56,5.5,56
화재감식평가,2016,여자,99,72,42,58.3,62,53,1,1.9,1
화재감식평가,2017,전체,1727,1359,938,69,1726,1445,474,32.8,474
화재감식평가,2017,여자,151,116,63,54.3,95,79,22,27.8,22
화재감식평가,2018,전체,1606,1320,950,72,1684,1388,583,42,583
화재감식평가,2018,여자,161,128,81,63.3,130,111,42,37.8,42
화재감식평가,2019,전체,2467,1944,1542,79.3,1801,1499,1220,81.4,1220
화재감식평가,2019,여자,273,215,161,74.9,179,142,112,78.9,112
화재감식평가,2020,전체,2118,1750,1555,88.9,2493,2131,450,21.1,450
화재감식평가,2020,여자,283,230,201,87.4,311,267,50,18.7,50
농작업안전보건,전체,전체,2901,2425,2058,84.9,2642,2134,466,21.8,466
농작업안전보건,2018,전체,1798,1503,1268,84.4,0,0,0,0,0
농작업안전보건,2018,여자,431,351,291,82.9,0,0,0,0,0
농작업안전보건,2019,전체,854,708,610,86.2,1926,1611,271,16.8,271
농작업안전보건,2019,여자,180,141,125,88.7,414,344,53,15.4,53
농작업안전보건,2020,전체,249,214,180,84.1,716,523,195,37.3,195
농작업안전보건,2020,여자,54,42,35,83.3,157,116,38,32.8,38
방재,전체,전체,2428,1885,902,47.9,1217,1058,32,3,32
방재,2019,전체,1715,1314,596,45.4,531,492,15,3,0
방재,2019,여자,185,134,43,32.1,35,30,0,0,0
방재,2020,전체,713,571,306,53.6,686,566,17,3,32
방재,2020,여자,80,56,20,35.7,47,39,0,0,0
가스,전체,전체,106338,72147,19043,26.4,37938,32314,11053,34.2,11101
가스,2015(누적),전체,84105,56979,13503,23.7,26402,22796,7756,34,7804
가스,2016,전체,3773,2558,741,29,1793,1514,505,33.4,505
가스,2016,여자,262,196,56,28.6,105,86,31,36,31
가스,2017,전체,4021,2740,1092,39.9,2064,1732,942,54.4,942
가스,2017,여자,311,212,84,39.6,143,121,67,55.4,67
가스,2018,전체,4171,2853,1048,36.7,1801,1527,394,25.8,394
가스,2018,여자,336,225,76,33.8,131,117,17,14.5,17
가스,2019,전체,5117,3483,1307,37.5,2808,2375,452,19,452
가스,2019,여자,428,299,113,37.8,200,164,24,14.6,24
가스,2020,전체,5151,3534,1352,38.3,3070,2370,1004,42.4,1004
가스,2020,여자,496,333,130,39,287,207,78,37.7,78
산업위생관리,전체,전체,72229,52711,22759,43.2,45063,37609,14434,38.4,14441
산업위생관리,2015(누적),전체,45037,33223,13129,39.5,26726,22470,7599,33.8,7606
산업위생관리,2016,전체,5129,3585,1772,49.4,2968,2518,894,35.5,894
산업위생관리,2016,여자,1839,1399,726,51.9,1204,1053,381,36.2,381
산업위생관리,2017,전체,5427,3910,1916,49,3877,3216,1419,44.1,1419
산업위생관리,2017,여자,2162,1681,859,51.1,1715,1447,619,42.8,619
산업위생관리,2018,전체,5269,3706,1766,47.7,3757,3114,1029,33,1029
산업위생관리,2018,여자,2228,1687,809,48,1767,1500,483,32.2,483
산업위생관리,2019,전체,5685,4084,2088,51.1,3971,3327,1692,50.9,1692
산업위생관리,2019,여자,2483,1850,959,51.8,1883,1615,827,51.2,827
산업위생관리,2020,전체,5682,4203,2088,49.7,3764,2964,1801,60.8,1801
산업위생관리,2020,여자,2645,2031,1068,52.6,1830,1479,928,62.7,928
인간공학,전체,전체,11937,9282,6204,66.8,9590,7167,2321,32.4,2321
인간공학,2015(누적),전체,7043,5462,3583,65.6,5553,4092,1015,24.8,1015
인간공학,2016,전체,546,428,284,66.4,500,396,74,18.7,74
인간공학,2016,여자,152,118,84,71.2,130,97,19,19.6,19
인간공학,2017,전체,701,534,407,76.2,597,453,126,27.8,126
인간공학,2017,여자,202,151,117,77.5,166,129,33,25.6,33
인간공학,2018,전체,1043,782,523,66.9,696,531,256,48.2,256
인간공학,2018,여자,264,206,142,68.9,178,137,69,50.4,69
인간공학,2019,전체,1388,1109,741,66.8,993,791,243,30.7,243
인간공학,2019,여자,354,288,198,68.8,254,208,70,33.7,70
인간공학,2020,전체,1216,967,666,68.9,1251,904,607,67.1,607
인간공학,2020,여자,341,275,212,77.1,372,270,170,63,170
소방설비(기계분야),전체,전체,410782,292410,118459,40.5,298027,225490,49472,21.9,56920
소방설비(기계분야),2015(누적),전체,311191,219058,90116,41.1,234985,172253,34354,19.9,41802
소방설비(기계분야),2016,전체,16100,11418,4168,36.5,9543,7936,2092,26.4,2092
소방설비(기계분야),2016,여자,1271,961,320,33.3,759,661,191,28.9,191
소방설비(기계분야),2017,전체,18630,13524,3891,28.8,10050,8603,2981,34.7,2981
소방설비(기계분야),2017,여자,1540,1183,319,27,800,702,252,35.9,252
소방설비(기계분야),2018,전체,21070,15757,4515,28.7,10196,8812,3349,38,3349
소방설비(기계분야),2018,여자,1661,1287,361,28,844,741,314,42.4,314
소방설비(기계분야),2019,전체,24566,18030,8223,45.6,13905,12024,3620,30.1,3620
소방설비(기계분야),2019,여자,2008,1542,669,43.4,1114,994,286,28.8,286
소방설비(기계분야),2020,전체,19225,14623,7546,51.6,19348,15862,3076,19.4,3076
소방설비(기계분야),2020,여자,1593,1242,646,52,1656,1368,284,20.8,284
소방설비1급,전체,전체,252889,180069,77397,43,142065,113164,32797,29,0
소방설비1급,2015(누적),전체,252889,180069,77397,43,142065,113164,32797,29,0
소방설비(전기분야),전체,전체,494352,353663,162283,45.9,327159,251010,98747,39.3,104785
소방설비(전기분야),2015(누적),전체,342813,242831,114656,47.2,239687,179109,66734,37.3,72772
소방설비(전기분야),2016,전체,24007,17109,7845,45.9,14261,11560,2795,24.2,2795
소방설비(전기분야),2016,여자,1588,1145,527,46,929,787,180,22.9,180
소방설비(전기분야),2017,전체,29607,21735,6785,31.2,14554,12091,5879,48.6,5879
소방설비(전기분야),2017,여자,2081,1567,479,30.6,1052,871,378,43.4,378
소방설비(전기분야),2018,전체,32721,24127,7580,31.4,13636,11503,6262,54.4,6262
소방설비(전기분야),2018,여자,2441,1836,560,30.5,1016,866,456,52.7,456
소방설비(전기분야),2019,전체,36146,26112,13706,52.5,20532,17499,8086,46.2,8086
소방설비(전기분야),2019,여자,2545,1861,925,49.7,1499,1288,527,40.9,527
소방설비(전기분야),2020,전체,29058,21749,11711,53.8,24489,19248,8991,46.7,8991
소방설비(전기분야),2020,여자,2423,1801,903,50.1,1920,1511,650,43,650
소방설비(화공),전체,전체,1115,719,136,18.9,0,0,0,0,0
소방설비(화공),2015(누적),전체,1115,719,136,18.9,0,0,0,0,0
소방설비(토목),전체,전체,9999,6967,2352,33.8,0,0,0,0,0
소방설비(토목),2015(누적),전체,9999,6967,2352,33.8,0,0,0,0,0
소방설비(건축),전체,전체,9871,6686,2089,31.2,0,0,0,0,0
소방설비(건축),2015(누적),전체,9871,6686,2089,31.2,0,0,0,0,0
비파괴검사분야,전체,전체,114786,79456,29384,37,51863,43764,17275,39.5,17430
비파괴검사분야,2015(누적),전체,85751,59085,20974,35.5,37231,31223,11994,38.4,12149
비파괴검사분야,2016,전체,7184,5016,2405,47.9,3807,3340,1210,36.2,1210
비파괴검사분야,2016,여자,177,136,81,59.6,93,85,31,36.5,31
비파괴검사분야,2017,전체,6556,4654,1592,34.2,3312,2843,1292,45.4,1292
비파괴검사분야,2017,여자,159,130,47,36.2,83,73,38,52.1,38
비파괴검사분야,2018,전체,6117,4362,1664,38.1,2890,2448,960,39.2,960
비파괴검사분야,2018,여자,136,106,57,53.8,80,71,33,46.5,33
비파괴검사분야,2019,전체,5517,3765,1497,39.8,2533,2123,1040,49,1040
비파괴검사분야,2019,여자,126,103,50,48.5,88,78,34,43.6,34
비파괴검사분야,2020,전체,3661,2574,1252,48.6,2090,1787,779,43.6,779
비파괴검사분야,2020,여자,116,83,55,66.3,73,65,37,56.9,37
방사선비파괴검사,전체,전체,37061,27011,8959,33.2,15320,13284,4704,35.4,3200
방사선비파괴검사,2015(누적),전체,32828,23995,8005,33.4,13663,11817,4116,34.8,2612
방사선비파괴검사,2016,전체,1067,793,394,49.7,579,525,164,31.2,164
방사선비파괴검사,2016,여자,33,28,16,57.1,20,18,6,33.3,6
방사선비파괴검사,2017,전체,939,662,128,19.3,421,369,178,48.2,178
방사선비파괴검사,2017,여자,32,25,7,28,16,15,8,53.3,8
방사선비파괴검사,2018,전체,793,568,110,19.4,207,181,48,26.5,48
방사선비파괴검사,2018,여자,24,14,4,28.6,3,3,3,100,3
방사선비파괴검사,2019,전체,851,574,132,23,195,168,79,47,79
방사선비파괴검사,2019,여자,24,21,10,47.6,13,12,5,41.7,5
방사선비파괴검사,2020,전체,583,419,190,45.3,255,224,119,53.1,119
방사선비파괴검사,2020,여자,20,17,11,64.7,14,13,10,76.9,10
초음파비파괴검사,전체,전체,19592,13397,4573,34.1,10325,8146,1603,19.7,2123
초음파비파괴검사,2015(누적),전체,14017,9512,3185,33.5,7433,5791,1192,20.6,1712
초음파비파괴검사,2016,전체,1447,1069,425,39.8,743,620,130,21,130
초음파비파괴검사,2016,여자,24,22,9,40.9,8,8,1,12.5,1
초음파비파괴검사,2017,전체,1273,906,237,26.2,611,506,105,20.8,105
초음파비파괴검사,2017,여자,22,19,7,36.8,10,9,0,0,0
초음파비파괴검사,2018,전체,1098,743,205,27.6,514,413,61,14.8,61
초음파비파괴검사,2018,여자,18,15,4,26.7,13,11,3,27.3,3
초음파비파괴검사,2019,전체,971,619,230,37.2,463,368,40,10.9,40
초음파비파괴검사,2019,여자,18,13,4,30.8,11,9,1,11.1,1
초음파비파괴검사,2020,전체,786,548,291,53.1,561,448,75,16.7,75
초음파비파괴검사,2020,여자,17,11,6,54.5,7,6,0,0,0
자기비파괴검사,전체,전체,19777,13271,5395,40.7,9592,8084,3358,41.5,3870
자기비파괴검사,2015(누적),전체,14291,9445,3525,37.3,6281,5244,2285,43.6,2797
자기비파괴검사,2016,전체,1541,1070,531,49.6,739,649,210,32.4,210
자기비파괴검사,2016,여자,30,24,16,66.7,17,15,4,26.7,4
자기비파괴검사,2017,전체,1227,890,373,41.9,750,655,221,33.7,221
자기비파괴검사,2017,여자,23,18,13,72.2,20,17,9,52.9,9
자기비파괴검사,2018,전체,1114,773,438,56.7,777,656,229,34.9,229
자기비파괴검사,2018,여자,30,26,20,76.9,29,27,10,37,10
자기비파괴검사,2019,전체,967,647,331,51.2,619,510,242,47.5,242
자기비파괴검사,2019,여자,18,14,6,42.9,17,15,6,40,6
자기비파괴검사,2020,전체,637,446,197,44.2,426,370,171,46.2,171
자기비파괴검사,2020,여자,14,12,7,58.3,14,14,7,50,7
침투비파괴검사,전체,전체,27406,18713,7517,40.2,12299,10574,5752,54.4,6236
침투비파괴검사,2015(누적),전체,17310,11589,4441,38.3,7123,6073,3302,54.4,3786
침투비파괴검사,2016,전체,2220,1473,731,49.6,1335,1175,529,45,529
침투비파괴검사,2016,여자,67,46,30,65.2,38,35,17,48.6,17
침투비파괴검사,2017,전체,2346,1683,664,39.5,1173,1017,643,63.2,643
침투비파괴검사,2017,여자,60,50,17,34,31,28,17,60.7,17
침투비파괴검사,2018,전체,2322,1710,660,38.6,1039,901,452,50.2,452
침투비파괴검사,2018,여자,44,35,21,60,29,24,14,58.3,14
침투비파괴검사,2019,전체,2015,1436,598,41.6,973,834,514,61.6,514
침투비파괴검사,2019,여자,56,48,27,56.3,40,37,20,54.1,20
침투비파괴검사,2020,전체,1193,822,423,51.5,656,574,312,54.4,312
침투비파괴검사,2020,여자,58,40,30,75,36,31,19,61.3,19
와전류비파괴검사,전체,전체,3777,2612,1365,52.3,1916,1658,820,49.5,916
와전류비파괴검사,2015(누적),전체,2504,1665,837,50.3,1255,1060,466,44,562
와전류비파괴검사,2016,전체,257,174,111,63.8,139,134,72,53.7,72
와전류비파괴검사,2016,여자,14,9,6,66.7,5,5,2,40,2
와전류비파괴검사,2017,전체,279,194,87,44.8,118,104,62,59.6,62
와전류비파괴검사,2017,여자,9,8,2,25,3,3,3,100,3
와전류비파괴검사,2018,전체,294,215,132,61.4,164,147,89,60.5,89
와전류비파괴검사,2018,여자,8,6,3,50,3,3,2,66.7,2
와전류비파괴검사,2019,전체,278,226,95,42,129,111,81,73,81
와전류비파괴검사,2019,여자,8,6,3,50,4,3,1,33.3,1
와전류비파괴검사,2020,전체,165,138,103,74.6,111,102,50,49,50
와전류비파괴검사,2020,여자,3,2,1,50,1,1,1,100,1
비파괴검사1급(전자기침투),전체,전체,0,0,0,0,0,0,0,0,4
비파괴검사1급(전자기침투),2015(누적),전체,0,0,0,0,0,0,0,0,4
누설비파괴검사,전체,전체,7173,4452,1575,35.4,2411,2018,1038,51.4,1081
누설비파괴검사,2015(누적),전체,4801,2879,981,34.1,1476,1238,633,51.1,676
누설비파괴검사,2016,전체,652,437,213,48.7,272,237,105,44.3,105
누설비파괴검사,2016,여자,9,7,4,57.1,5,4,1,25,1
누설비파괴검사,2017,전체,492,319,103,32.3,239,192,83,43.2,83
누설비파괴검사,2017,여자,13,10,1,10,3,1,1,100,1
누설비파괴검사,2018,전체,496,353,119,33.7,189,150,81,54,81
누설비파괴검사,2018,여자,12,10,5,50,3,3,1,33.3,1
누설비파괴검사,2019,전체,435,263,111,42.2,154,132,84,63.6,84
누설비파괴검사,2019,여자,2,1,0,0,3,2,1,50,1
누설비파괴검사,2020,전체,297,201,48,23.9,81,69,52,75.4,52
누설비파괴검사,2020,여자,4,1,0,0,1,0,0,0,0
환경분야,전체,전체,745105,541686,171186,31.6,295167,255100,108422,42.5,114785
환경분야,2015(누적),전체,603526,437468,131508,30.1,235568,202004,76784,38,83147
환경분야,2016,전체,26557,19389,6781,35,10074,9113,5503,60.4,5503
환경분야,2016,여자,9564,7439,2746,36.9,3852,3537,2201,62.2,2201
환경분야,2017,전체,28123,20928,7734,37,11380,10271,6384,62.2,6384
환경분야,2017,여자,10434,8194,3067,37.4,4453,4063,2599,64,2599
환경분야,2018,전체,27184,20112,7367,36.6,10943,9812,6190,63.1,6190
환경분야,2018,여자,10243,7962,3000,37.7,4312,3911,2538,64.9,2538
환경분야,2019,전체,29708,21732,8356,38.5,11841,10726,5883,54.8,5826
환경분야,2019,여자,10994,8464,3385,40,4619,4187,2378,56.8,2358
환경분야,2020,전체,30007,22057,9440,42.8,15361,13174,7678,58.3,7735
환경분야,2020,여자,12171,9263,4187,45.2,6635,5729,3355,58.6,3375
온실가스관리,전체,전체,6070,4453,2458,55.2,4763,3939,1269,32.2,1574
온실가스관리,2015(누적),전체,2094,1516,633,41.8,951,828,42,5.1,347
온실가스관리,2016,전체,1267,928,486,52.4,1060,864,547,63.3,547
온실가스관리,2016,여자,377,286,157,54.9,339,278,162,58.3,162
온실가스관리,2017,전체,1084,809,491,60.7,843,703,256,36.4,256
온실가스관리,2017,여자,349,267,164,61.4,296,244,88,36.1,88
온실가스관리,2018,전체,703,528,364,68.9,792,639,99,15.5,99
온실가스관리,2018,여자,215,164,125,76.2,261,202,29,14.4,29
온실가스관리,2019,전체,556,408,307,75.2,667,543,79,14.5,79
온실가스관리,2019,여자,182,138,105,76.1,229,175,22,12.6,22
온실가스관리,2020,전체,366,264,177,67,450,362,246,68,246
온실가스관리,2020,여자,140,101,71,70.3,178,145,93,64.1,93
온실가스관리기사,전체,전체,2160,1724,555,32.2,499,461,305,66.2,0
온실가스관리기사,2015(누적),전체,2160,1724,555,32.2,499,461,305,66.2,0
환경위해관리,전체,전체,1272,999,565,56.6,623,542,88,16.2,88
환경위해관리,2019,전체,728,540,296,54.8,248,215,57,26.5,0
환경위해관리,2019,여자,294,227,130,57.3,109,92,20,21.7,0
환경위해관리,2020,전체,544,459,269,58.6,375,327,31,9.5,88
환경위해관리,2020,여자,236,200,125,62.5,185,157,16,10.2,36
환경관리1급(소음진동),전체,전체,15362,12281,2136,17.4,0,0,0,0,0
환경관리1급(소음진동),2015(누적),전체,15362,12281,2136,17.4,0,0,0,0,0
농림토양평가관리,전체,전체,1803,1353,616,45.5,809,745,419,56.2,0
농림토양평가관리,2015(누적),전체,1803,1353,616,45.5,809,745,419,56.2,0
대기환경,전체,전체,206438,150139,52154,34.7,87365,76000,33477,44,35315
대기환경,2015(누적),전체,157722,114619,38933,34,69941,59684,22045,36.9,23883
대기환경,2016,전체,8234,5978,2086,34.9,2540,2442,1825,74.7,1825
대기환경,2016,여자,2838,2202,795,36.1,944,909,693,76.2,693
대기환경,2017,전체,8810,6562,2447,37.3,2940,2806,2171,77.4,2171
대기환경,2017,여자,3226,2543,938,36.9,1101,1061,858,80.9,858
대기환경,2018,전체,9104,6730,2405,35.7,3211,3066,2316,75.5,2316
대기환경,2018,여자,3398,2643,953,36.1,1201,1155,896,77.6,896
대기환경,2019,전체,11090,7963,2651,33.3,3243,3113,2220,71.3,2220
대기환경,2019,여자,4099,3114,1052,33.8,1252,1205,884,73.4,884
대기환경,2020,전체,11478,8287,3632,43.8,5490,4889,2900,59.3,2900
대기환경,2020,여자,4538,3413,1569,46,2337,2073,1226,59.1,1226
수질환경,전체,전체,322736,239920,67946,28.3,116980,105085,47138,44.9,50641
수질환경,2015(누적),전체,267616,198276,54350,27.4,97948,87332,35522,40.7,39025
수질환경,2016,전체,10092,7625,2294,30.1,3083,2961,1892,63.9,1892
수질환경,2016,여자,3992,3193,1028,32.2,1305,1270,863,68,863
수질환경,2017,전체,10991,8348,2523,30.2,3488,3331,2440,73.3,2440
수질환경,2017,여자,4411,3524,1081,30.7,1453,1397,1073,76.8,1073
수질환경,2018,전체,11132,8434,2631,31.2,3265,3117,2444,78.4,2444
수질환경,2018,여자,4462,3544,1127,31.8,1354,1293,1051,81.3,1051
수질환경,2019,전체,10907,8284,2689,32.5,3610,3460,1945,56.2,1945
수질환경,2019,여자,4267,3373,1160,34.4,1483,1431,863,60.3,863
수질환경,2020,전체,11998,8953,3459,38.6,5586,4884,2895,59.3,2895
수질환경,2020,여자,5197,3985,1580,39.6,2438,2144,1298,60.5,1298
소음진동,전체,전체,26696,17025,6251,36.7,11814,9864,4007,40.6,4137
소음진동,2015(누적),전체,23674,15097,5456,36.1,10487,8703,3433,39.4,3563
소음진동,2016,전체,722,450,169,37.6,304,257,123,47.9,123
소음진동,2016,여자,154,109,38,34.9,65,56,25,44.6,25
소음진동,2017,전체,699,453,188,41.5,333,280,121,43.2,121
소음진동,2017,여자,128,84,35,41.7,68,58,23,39.7,23
소음진동,2018,전체,489,309,127,41.1,223,196,110,56.1,110
소음진동,2018,여자,88,50,16,32,43,38,14,36.8,14
소음진동,2019,전체,600,385,168,43.6,250,234,135,57.7,135
소음진동,2019,여자,128,88,43,48.9,65,60,31,51.7,31
소음진동,2020,전체,512,331,143,43.2,217,194,85,43.8,85
소음진동,2020,여자,104,53,22,41.5,40,39,16,41,16
"대기환경,수질환경,소음진동",전체,전체,1935,1515,189,12.5,0,0,0,0,874
"대기환경,수질환경,소음진동",2015(누적),전체,1935,1515,189,12.5,0,0,0,0,874
생물분류,전체,전체,667,550,170,30.9,175,164,58,35.4,7
생물분류,2015(누적),전체,667,550,170,30.9,175,164,58,35.4,7
자연생태복원,전체,전체,27080,20708,8435,40.7,13413,9698,4435,45.7,4435
자연생태복원,2015(누적),전체,19848,15012,5078,33.8,8222,5899,2564,43.5,2564
자연생태복원,2016,전체,1657,1286,561,43.6,890,688,418,60.8,418
자연생태복원,2016,여자,732,565,263,46.5,379,321,202,62.9,202
자연생태복원,2017,전체,1508,1199,691,57.6,961,695,332,47.8,332
자연생태복원,2017,여자,676,538,316,58.7,458,361,176,48.8,176
자연생태복원,2018,전체,1411,1095,603,55.1,941,664,379,57.1,379
자연생태복원,2018,여자,637,487,281,57.7,420,326,194,59.5,194
자연생태복원,2019,전체,1314,1036,803,77.5,1206,919,314,34.2,314
자연생태복원,2019,여자,615,478,376,78.7,531,418,156,37.3,156
자연생태복원,2020,전체,1342,1080,699,64.7,1193,833,428,51.4,428
자연생태복원,2020,여자,690,551,367,66.6,624,463,241,52.1,241
토양환경,전체,전체,31239,21932,7757,35.4,14137,11522,5414,47,5833
토양환경,2015(누적),전체,23638,16576,5530,33.4,9480,7647,3836,50.2,4255
토양환경,2016,전체,1641,1112,456,41,856,724,285,39.4,285
토양환경,2016,여자,616,456,208,45.6,372,314,127,40.4,127
토양환경,2017,전체,1672,1198,470,39.2,1036,896,246,27.5,246
토양환경,2017,여자,596,455,194,42.6,444,385,99,25.7,99
토양환경,2018,전체,1503,1062,438,41.2,1045,859,250,29.1,250
토양환경,2018,여자,558,420,185,44,467,401,118,29.4,118
토양환경,2019,전체,1538,1093,484,44.3,971,799,405,50.7,405
토양환경,2019,여자,554,437,206,47.1,409,342,166,48.5,166
토양환경,2020,전체,1247,891,379,42.5,749,597,392,65.7,392
토양환경,2020,여자,520,392,194,49.5,374,308,200,64.9,200
폐기물처리,전체,전체,97247,65434,20680,31.6,42605,35257,10865,30.8,10883
폐기물처리,2015(누적),전체,83946,56371,17243,30.6,35962,29528,8110,27.5,8128
폐기물처리,2016,전체,2782,1883,670,35.6,1258,1100,381,34.6,381
폐기물처리,2016,여자,805,589,238,40.4,422,365,119,32.6,119
폐기물처리,2017,전체,3034,2107,795,37.7,1590,1385,757,54.7,757
폐기물처리,2017,여자,934,692,292,42.2,566,493,261,52.9,261
폐기물처리,2018,전체,2631,1792,698,39,1332,1139,503,44.2,503
폐기물처리,2018,여자,814,597,278,46.6,518,449,204,45.4,204
폐기물처리,2019,전체,2660,1771,791,44.7,1418,1244,580,46.6,580
폐기물처리,2019,여자,732,509,239,47,447,380,175,46.1,175
폐기물처리,2020,전체,2194,1510,483,32,1045,861,534,62,534
폐기물처리,2020,여자,611,449,169,37.6,351,302,192,63.6,192
생물분류(식물),전체,전체,2688,2234,747,33.4,1130,1038,531,51.2,554
생물분류(식물),2015(누적),전체,2041,1719,433,25.2,685,639,322,50.4,345
생물분류(식물),2016,전체,89,71,35,49.3,51,48,30,62.5,30
생물분류(식물),2016,여자,34,28,15,53.6,22,21,10,47.6,10
생물분류(식물),2017,전체,172,133,67,50.4,93,86,27,31.4,27
생물분류(식물),2017,여자,64,50,26,52,39,38,13,34.2,13
생물분류(식물),2018,전체,94,76,44,57.9,64,63,38,60.3,38
생물분류(식물),2018,여자,43,37,20,54.1,24,24,18,75,18
생물분류(식물),2019,전체,139,109,73,67,105,89,51,57.3,51
생물분류(식물),2019,여자,65,51,38,74.5,46,39,23,59,23
생물분류(식물),2020,전체,153,126,95,75.4,132,113,63,55.8,63
생물분류(식물),2020,여자,65,56,46,82.1,58,54,34,63,34
생물분류(동물),전체,전체,1712,1419,527,37.1,854,785,416,53,444
생물분류(동물),2015(누적),전체,1020,859,186,21.7,409,374,128,34.2,156
생물분류(동물),2016,전체,73,56,24,42.9,32,29,2,6.9,2
생물분류(동물),2016,여자,16,11,4,36.4,4,3,0,0,0
생물분류(동물),2017,전체,153,119,62,52.1,96,89,34,38.2,34
생물분류(동물),2017,여자,50,41,21,51.2,28,26,8,30.8,8
생물분류(동물),2018,전체,117,86,57,66.3,70,69,51,73.9,51
생물분류(동물),2018,여자,28,20,15,75,24,23,14,60.9,14
생물분류(동물),2019,전체,176,143,94,65.7,123,110,97,88.2,97
생물분류(동물),2019,여자,58,49,36,73.5,48,45,38,84.4,38
생물분류(동물),2020,전체,173,156,104,66.7,124,114,104,91.2,104
생물분류(동물),2020,여자,70,63,44,69.8,50,44,39,88.6,39
에너지.기상분야,전체,전체,153786,110716,42331,38.2,70007,60172,21623,35.9,28387
에너지.기상분야,2015(누적),전체,105523,75078,24868,33.1,37973,33135,10648,32.1,17412
에너지.기상분야,2016,전체,7128,5240,2510,47.9,4149,3612,1175,32.5,1175
에너지.기상분야,2016,여자,603,461,237,51.4,356,315,130,41.3,130
에너지.기상분야,2017,전체,9299,6910,3588,51.9,6287,5349,2556,47.8,2556
에너지.기상분야,2017,여자,716,548,275,50.2,427,370,208,56.2,208
에너지.기상분야,2018,전체,11069,8378,4109,49,6878,5817,2750,47.3,2750
에너지.기상분야,2018,여자,834,655,281,42.9,445,380,162,42.6,162
에너지.기상분야,2019,전체,11848,8603,4353,50.6,7478,6367,2811,44.1,2811
에너지.기상분야,2019,여자,965,718,356,49.6,570,486,204,42,204
에너지.기상분야,2020,전체,8919,6507,2903,44.6,7242,5892,1683,28.6,1683
에너지.기상분야,2020,여자,819,616,320,51.9,659,548,187,34.1,187
신재생에너지발전설비(태양광),전체,전체,34909,27453,13232,48.2,25358,21002,5692,27.1,5692
신재생에너지발전설비(태양광),2015(누적),전체,12643,10153,3601,35.5,6062,5204,593,11.4,593
신재생에너지발전설비(태양광),2016,전체,2401,1904,1111,58.4,2255,1915,225,11.7,225
신재생에너지발전설비(태양광),2016,여자,90,67,34,50.7,62,53,4,7.5,4
신재생에너지발전설비(태양광),2017,전체,4512,3522,2231,63.3,4117,3397,1309,38.5,1309
신재생에너지발전설비(태양광),2017,여자,217,154,63,40.9,117,95,39,41.1,39
신재생에너지발전설비(태양광),2018,전체,6036,4803,2483,51.7,4352,3582,1943,54.2,1943
신재생에너지발전설비(태양광),2018,여자,384,306,99,32.4,156,134,74,55.2,74
신재생에너지발전설비(태양광),2019,전체,5883,4430,2495,56.3,4408,3641,1361,37.4,1361
신재생에너지발전설비(태양광),2019,여자,484,366,180,49.2,262,222,88,39.6,88
신재생에너지발전설비(태양광),2020,전체,3434,2641,1311,49.6,4164,3263,261,8,261
신재생에너지발전설비(태양광),2020,여자,322,235,109,46.4,334,268,31,11.6,31
원자력,전체,전체,4958,3738,1210,32.4,1230,1148,740,64.5,1021
원자력,2015(누적),전체,3954,3010,889,29.5,881,808,500,61.9,781
원자력,2016,전체,212,157,82,52.2,90,90,37,41.1,37
원자력,2016,여자,50,36,11,30.6,11,11,7,63.6,7
원자력,2017,전체,272,200,50,25,78,74,63,85.1,63
원자력,2017,여자,51,40,8,20,10,10,9,90,9
원자력,2018,전체,277,208,134,64.4,114,114,85,74.6,85
원자력,2018,여자,67,51,28,54.9,25,25,20,80,20
원자력,2019,전체,243,163,55,33.7,67,62,55,88.7,55
원자력,2019,여자,58,36,8,22.2,13,11,10,90.9,10
에너지관리,전체,전체,38482,26112,9073,34.7,16978,14824,6656,44.9,17670
에너지관리,2015(누적),전체,16490,10945,3081,28.1,6887,5928,2000,33.7,13014
에너지관리,2016,전체,3832,2611,981,37.6,1308,1168,722,61.8,722
에너지관리,2016,여자,142,99,29,29.3,44,37,20,54.1,20
에너지관리,2017,전체,3875,2666,956,35.9,1609,1450,886,61.1,886
에너지관리,2017,여자,159,122,49,40.2,80,71,28,39.4,28
에너지관리,2018,전체,4225,2947,1229,41.7,2008,1776,617,34.7,617
에너지관리,2018,여자,169,125,44,35.2,84,67,19,28.4,19
에너지관리,2019,전체,5136,3534,1527,43.2,2525,2260,1221,54,1221
에너지관리,2019,여자,197,131,57,43.5,95,84,31,36.9,31
에너지관리,2020,전체,4924,3409,1299,38.1,2641,2242,1210,54,1210
에너지관리,2020,여자,227,158,59,37.3,112,90,52,57.8,52
열관리,전체,전체,62274,42472,12897,30.4,17104,15043,4539,30.2,0
열관리,2015(누적),전체,62274,42472,12897,30.4,17104,15043,4539,30.2,0
기상,전체,전체,12303,10292,5648,54.9,8999,7860,3907,49.7,3915
기상,2015(누적),전체,9626,8072,4269,52.9,6872,6009,2985,49.7,2993
기상,2016,전체,637,538,323,60,475,422,186,44.1,186
기상,2016,여자,305,248,156,62.9,229,206,97,47.1,97
기상,2017,전체,594,488,327,67,460,408,293,71.8,293
기상,2017,여자,269,217,145,66.8,209,185,130,70.3,130
기상,2018,전체,465,376,238,63.3,368,315,99,31.4,99
기상,2018,여자,193,159,100,62.9,164,141,46,32.6,46
기상,2019,전체,502,414,234,56.5,425,354,142,40.1,142
기상,2019,여자,203,169,99,58.6,183,154,66,42.9,66
기상,2020,전체,479,404,257,63.6,399,352,202,57.4,202
기상,2020,여자,226,193,129,66.8,189,167,97,58.1,97
기상감정,전체,전체,860,649,271,41.8,338,295,89,30.2,89
기상감정,2015(누적),전체,536,426,131,30.8,167,143,31,21.7,31
기상감정,2016,전체,46,30,13,43.3,21,17,5,29.4,5
기상감정,2016,여자,16,11,7,63.6,10,8,2,25,2
기상감정,2017,전체,46,34,24,70.6,23,20,5,25,5
기상감정,2017,여자,20,15,10,66.7,11,9,2,22.2,2
기상감정,2018,전체,66,44,25,56.8,36,30,6,20,6
기상감정,2018,여자,21,14,10,71.4,16,13,3,23.1,3
기상감정,2019,전체,84,62,42,67.7,53,50,32,64,32
기상감정,2019,여자,23,16,12,75,17,15,9,60,9
기상감정,2020,전체,82,53,36,67.9,38,35,10,28.6,10
기상감정,2020,여자,44,30,23,76.7,24,23,7,30.4,7
