종목명,시작 연도,완료 연도,성별,필기시험접수,필기시험응시,필기시험합격,필기시험합격률(%),실기시험접수,실기시험응시,실기시험합격,실기시험합격률(%),자격취득자현황(명)
생산관리분야,1975,2019,전체,177040,125661,46880,37.3,76563,65457,23743,36.3,32366
생산관리분야,1975,2014,전체,150523,106678,38724,36.3,62433,53195,18739,35.2,27362
생산관리분야,2015,2015,전체,5264,3781,1642,43.4,2598,2276,1161,51,1161
생산관리분야,2015,2015,여,1196,929,456,49.1,658,581,296,50.9,296
생산관리분야,2016,2016,전체,5480,3872,1553,40.1,2752,2393,953,39.8,953
생산관리분야,2016,2016,여,1235,929,408,43.9,714,629,262,41.7,262
생산관리분야,2017,2017,전체,5787,4166,1759,42.2,3077,2680,910,34,910
생산관리분야,2017,2017,여,1421,1056,446,42.2,756,673,237,35.2,237
생산관리분야,2018,2018,전체,4827,3500,1523,43.5,2806,2424,1143,47.2,1143
생산관리분야,2018,2018,여,1295,973,405,41.6,674,598,297,49.7,297
생산관리분야,2019,2019,전체,5159,3664,1679,45.8,2897,2489,837,33.6,837
생산관리분야,2019,2019,여,1326,984,458,46.5,737,646,217,33.6,217
품질경영,1975,2019,전체,58337,39660,14225,35.9,25932,21797,8643,39.7,32263
품질경영,1975,2014,전체,32074,20889,6188,29.6,11968,9685,3662,37.8,27282
품질경영,2015,2015,전체,5199,3723,1614,43.4,2566,2245,1157,51.5,1157
품질경영,2015,2015,여,1170,905,443,49,644,568,293,51.6,293
품질경영,2016,2016,전체,5450,3846,1534,39.9,2721,2365,950,40.2,950
품질경영,2016,2016,여,1226,923,403,43.7,705,621,262,42.2,262
품질경영,2017,2017,전체,5741,4126,1739,42.1,3046,2653,900,33.9,900
품질경영,2017,2017,여,1411,1047,440,42,746,664,236,35.5,236
품질경영,2018,2018,전체,4774,3459,1506,43.5,2773,2395,1139,47.6,1139
품질경영,2018,2018,여,1284,964,401,41.6,663,589,296,50.3,296
품질경영,2019,2019,전체,5099,3617,1644,45.5,2858,2454,835,34,835
품질경영,2019,2019,여,1310,973,450,46.2,728,639,217,34,217
포장,1975,2019,전체,924,749,289,38.6,401,358,103,28.8,103
포장,1975,2014,전체,670,537,170,31.7,235,208,80,38.5,80
포장,2015,2015,전체,65,58,28,48.3,32,31,4,12.9,4
포장,2015,2015,여,26,24,13,54.2,14,13,3,23.1,3
포장,2016,2016,전체,30,26,19,73.1,31,28,3,10.7,3
포장,2016,2016,여,9,6,5,83.3,9,8,0,0,0
포장,2017,2017,전체,46,40,20,50,31,27,10,37,10
포장,2017,2017,여,10,9,6,66.7,10,9,1,11.1,1
포장,2018,2018,전체,53,41,17,41.5,33,29,4,13.8,4
포장,2018,2018,여,11,9,4,44.4,11,9,1,11.1,1
포장,2019,2019,전체,60,47,35,74.5,39,35,2,5.7,2
포장,2019,2019,여,16,11,8,72.7,9,7,0,0,0
디자인분야,1975,2019,전체,94281,72652,44991,61.9,58676,46761,20899,44.7,20906
디자인분야,1975,2014,전체,77269,59709,37036,62,48599,38230,16994,44.5,17001
디자인분야,2015,2015,전체,3427,2539,1594,62.8,1956,1669,808,48.4,808
디자인분야,2015,2015,여,3063,2282,1452,63.6,1773,1519,757,49.8,756
디자인분야,2016,2016,전체,3449,2623,1575,60,1864,1585,824,52,824
디자인분야,2016,2016,여,3045,2336,1427,61.1,1683,1435,766,53.4,766
디자인분야,2017,2017,전체,3430,2639,1623,61.5,2076,1754,681,38.8,681
디자인분야,2017,2017,여,3009,2327,1439,61.8,1871,1594,641,40.2,641
디자인분야,2018,2018,전체,3288,2500,1495,59.8,2045,1705,739,43.3,739
디자인분야,2018,2018,여,2898,2207,1327,60.1,1801,1515,677,44.7,678
디자인분야,2019,2019,전체,3418,2642,1668,63.1,2136,1818,853,46.9,853
디자인분야,2019,2019,여,2993,2321,1467,63.2,1897,1627,781,48,781
제품디자인,1975,2019,전체,1717,1326,479,36.1,528,430,209,48.6,216
제품디자인,1975,2014,전체,1527,1184,400,33.8,450,361,161,44.6,168
제품디자인,2015,2015,전체,38,26,10,38.5,11,10,5,50,5
제품디자인,2015,2015,여,17,11,3,27.3,4,3,3,100,3
제품디자인,2016,2016,전체,40,30,14,46.7,16,13,10,76.9,10
제품디자인,2016,2016,여,18,15,6,40,5,3,1,33.3,1
제품디자인,2017,2017,전체,34,24,19,79.2,19,16,7,43.8,7
제품디자인,2017,2017,여,17,14,12,85.7,12,10,5,50,5
제품디자인,2018,2018,전체,40,32,23,71.9,22,21,19,90.5,19
제품디자인,2018,2018,여,19,13,9,69.2,7,7,7,100,7
제품디자인,2019,2019,전체,38,30,13,43.3,10,9,7,77.8,7
제품디자인,2019,2019,여,19,14,7,50,6,6,5,83.3,5
시각디자인,1975,2019,전체,6142,4832,3132,64.8,3669,3118,1520,48.7,1520
시각디자인,1975,2014,전체,4703,3678,2310,62.8,2746,2287,1051,46,1051
시각디자인,2015,2015,전체,291,228,164,71.9,188,169,94,55.6,94
시각디자인,2015,2015,여,242,190,141,74.2,160,146,81,55.5,81
시각디자인,2016,2016,전체,238,183,117,63.9,153,139,60,43.2,60
시각디자인,2016,2016,여,182,143,95,66.4,123,112,50,44.6,50
시각디자인,2017,2017,전체,323,250,189,75.6,181,165,67,40.6,67
시각디자인,2017,2017,여,250,196,146,74.5,137,127,52,40.9,52
시각디자인,2018,2018,전체,259,212,156,73.6,196,180,137,76.1,137
시각디자인,2018,2018,여,199,158,118,74.7,146,133,107,80.5,107
시각디자인,2019,2019,전체,328,281,196,69.8,205,178,111,62.4,111
시각디자인,2019,2019,여,255,220,153,69.5,159,135,87,64.4,87
컬러리스트,1975,2019,전체,86422,66494,41380,62.2,54479,43213,19170,44.4,19170
컬러리스트,1975,2014,전체,71039,54847,34326,62.6,45403,35582,15782,44.4,15782
컬러리스트,2015,2015,전체,3098,2285,1420,62.1,1757,1490,709,47.6,709
컬러리스트,2015,2015,여,2804,2081,1308,62.9,1609,1370,673,49.1,672
컬러리스트,2016,2016,전체,3171,2410,1444,59.9,1695,1433,754,52.6,754
컬러리스트,2016,2016,여,2845,2178,1326,60.9,1555,1320,715,54.2,715
컬러리스트,2017,2017,전체,3073,2365,1415,59.8,1876,1573,607,38.6,607
컬러리스트,2017,2017,여,2742,2117,1281,60.5,1722,1457,584,40.1,584
컬러리스트,2018,2018,전체,2989,2256,1316,58.3,1827,1504,583,38.8,583
컬러리스트,2018,2018,여,2680,2036,1200,58.9,1648,1375,563,40.9,564
컬러리스트,2019,2019,전체,3052,2331,1459,62.6,1921,1631,735,45.1,735
컬러리스트,2019,2019,여,2719,2087,1307,62.6,1732,1486,689,46.4,689
건축분야,1975,2019,전체,1261620,879891,265864,30.2,638190,492568,149854,30.4,164073
건축분야,1975,2014,전체,1097567,767311,228655,29.8,559998,428841,125584,29.3,139803
건축분야,2015,2015,전체,29587,20324,6764,33.3,14826,12091,3430,28.4,3430
건축분야,2015,2015,여,8862,6437,2249,34.9,4668,3952,1154,29.2,1154
건축분야,2016,2016,전체,32150,22038,6403,29.1,14916,12235,4294,35.1,4294
건축분야,2016,2016,여,9577,6983,2135,30.6,4661,3931,1379,35.1,1379
건축분야,2017,2017,전체,32929,22488,7154,31.8,15262,12444,5264,42.3,5264
건축분야,2017,2017,여,9358,6775,2176,32.1,4470,3769,1616,42.9,1616
건축분야,2018,2018,전체,33322,23021,7957,34.6,15729,12771,5354,41.9,5354
건축분야,2018,2018,여,9794,7187,2561,35.6,4691,3907,1785,45.7,1785
건축분야,2019,2019,전체,36065,24709,8931,36.1,17459,14186,5928,41.8,5928
건축분야,2019,2019,여,10892,7969,3011,37.8,5377,4525,1948,43,1948
실내건축,1975,2019,전체,114871,81230,32970,40.6,55689,38610,12558,32.5,12558
실내건축,1975,2014,전체,95602,66937,26514,39.6,47989,32042,8561,26.7,8561
실내건축,2015,2015,전체,3275,2400,994,41.4,1301,1114,547,49.1,547
실내건축,2015,2015,여,2190,1654,692,41.8,909,802,419,52.2,419
실내건축,2016,2016,전체,3652,2658,1115,41.9,1266,1081,670,62,670
실내건축,2016,2016,여,2404,1809,749,41.4,845,739,499,67.5,499
실내건축,2017,2017,전체,3794,2776,1226,44.2,1483,1286,729,56.7,729
실내건축,2017,2017,여,2419,1808,773,42.8,951,850,507,59.6,507
실내건축,2018,2018,전체,4112,3124,1507,48.2,1675,1415,1054,74.5,1054
실내건축,2018,2018,여,2642,2052,1003,48.9,1108,970,757,78,757
실내건축,2019,2019,전체,4436,3335,1614,48.4,1975,1672,997,59.6,997
실내건축,2019,2019,여,2824,2216,1069,48.2,1294,1129,732,64.8,732
건축,1975,2019,전체,1053884,738576,214921,29.1,542983,423926,127940,30.2,142153
건축,1975,2014,전체,923722,649853,188531,29,480848,373258,110034,29.5,124247
건축,2015,2015,전체,23425,16082,5002,31.1,12087,9889,2470,25,2470
건축,2015,2015,여,6289,4524,1463,32.3,3590,3014,692,23,692
건축,2016,2016,전체,25553,17489,4502,25.7,12262,10072,3127,31,3127
건축,2016,2016,여,6804,4924,1294,26.3,3655,3067,831,27.1,831
건축,2017,2017,전체,26126,17731,5028,28.4,12084,9845,4108,41.7,4108
건축,2017,2017,여,6612,4746,1311,27.6,3346,2789,1075,38.5,1075
건축,2018,2018,전체,26453,18070,5583,30.9,12280,9971,3861,38.7,3861
건축,2018,2018,여,6812,4917,1468,29.9,3396,2792,980,35.1,980
건축,2019,2019,전체,28605,19351,6275,32.4,13422,10891,4340,39.8,4340
건축,2019,2019,여,7675,5485,1823,33.2,3876,3227,1161,36,1161
건축설비,1975,2019,전체,92865,60085,17973,29.9,39518,30032,9356,31.2,9362
건축설비,1975,2014,전체,78243,50521,13610,26.9,31161,23541,6989,29.7,6995
건축설비,2015,2015,전체,2887,1842,768,41.7,1438,1088,413,38,413
건축설비,2015,2015,여,383,259,94,36.3,169,136,43,31.6,43
건축설비,2016,2016,전체,2945,1891,786,41.6,1388,1082,497,45.9,497
건축설비,2016,2016,여,369,250,92,36.8,161,125,49,39.2,49
건축설비,2017,2017,전체,3009,1981,900,45.4,1695,1313,427,32.5,427
건축설비,2017,2017,여,327,221,92,41.6,173,130,34,26.2,34
건축설비,2018,2018,전체,2757,1827,867,47.5,1774,1385,439,31.7,439
건축설비,2018,2018,여,340,218,90,41.3,187,145,48,33.1,48
건축설비,2019,2019,전체,3024,2023,1042,51.5,2062,1623,591,36.4,591
건축설비,2019,2019,여,393,268,119,44.4,207,169,55,32.5,55
토목분야,1975,2019,전체,1068980,759425,246502,32.5,478136,420651,172354,41,186412
토목분야,1975,2014,전체,933806,665194,214574,32.3,419635,368523,146441,39.7,160499
토목분야,2015,2015,전체,26818,18875,5459,28.9,10903,9695,4230,43.6,4230
토목분야,2015,2015,여,3203,2503,896,35.8,1661,1531,669,43.7,669
토목분야,2016,2016,전체,26853,18706,6421,34.3,11124,9968,5542,55.6,5542
토목분야,2016,2016,여,3222,2524,982,38.9,1622,1477,833,56.4,833
토목분야,2017,2017,전체,26942,18765,6543,34.9,11388,10138,5027,49.6,5027
토목분야,2017,2017,여,3401,2651,1000,37.7,1659,1507,746,49.5,746
토목분야,2018,2018,전체,26782,18737,6636,35.4,11224,10003,5527,55.3,5527
토목분야,2018,2018,여,3644,2791,1085,38.9,1726,1577,862,54.7,862
토목분야,2019,2019,전체,27779,19148,6869,35.9,13862,12324,5587,45.3,5587
토목분야,2019,2019,여,4007,3050,1207,39.6,2299,2114,946,44.7,946
콘크리트,1975,2019,전체,42992,28216,9405,33.3,12477,11163,7010,62.8,7010
콘크리트,1975,2014,전체,29297,19814,6306,31.8,7819,7001,4531,64.7,4531
콘크리트,2015,2015,전체,2087,1292,420,32.5,639,569,340,59.8,340
콘크리트,2015,2015,여,106,75,36,48,48,39,21,53.8,21
콘크리트,2016,2016,전체,2622,1652,698,42.3,940,854,490,57.4,490
콘크리트,2016,2016,여,118,74,36,48.6,45,39,22,56.4,22
콘크리트,2017,2017,전체,3058,1873,704,37.6,1099,999,588,58.9,588
콘크리트,2017,2017,여,137,93,38,40.9,49,45,26,57.8,26
콘크리트,2018,2018,전체,2940,1788,631,35.3,976,858,514,59.9,514
콘크리트,2018,2018,여,131,85,35,41.2,45,40,23,57.5,23
콘크리트,2019,2019,전체,2988,1797,646,35.9,1004,882,547,62,547
콘크리트,2019,2019,여,129,82,38,46.3,59,57,38,66.7,38
토목,1975,2019,전체,659488,479531,141336,29.5,300181,275975,106611,38.6,116885
토목,1975,2014,전체,585832,426423,125953,29.5,267183,246384,92890,37.7,103164
토목,2015,2015,전체,15866,11579,2756,23.8,6380,5741,2437,42.4,2437
토목,2015,2015,여,1785,1413,361,25.5,811,752,332,44.1,332
토목,2016,2016,전체,14971,10722,3005,28,6202,5593,2943,52.6,2943
토목,2016,2016,여,1721,1370,385,28.1,788,724,382,52.8,382
토목,2017,2017,전체,14382,10385,3125,30.1,6333,5653,2563,45.3,2563
토목,2017,2017,여,1822,1410,439,31.1,832,754,356,47.2,356
토목,2018,2018,전체,14060,10118,3073,30.4,5917,5283,2941,55.7,2941
토목,2018,2018,여,1919,1477,439,29.7,817,749,424,56.6,424
토목,2019,2019,전체,14377,10304,3424,33.2,8166,7321,2837,38.8,2837
토목,2019,2019,여,2096,1630,553,33.9,1245,1134,438,38.6,438
항로표지,1975,2019,전체,1888,1436,717,49.9,912,819,391,47.7,391
항로표지,1975,2014,전체,1365,1036,515,49.7,719,640,281,43.9,281
항로표지,2015,2015,전체,80,65,13,20,18,16,13,81.3,13
항로표지,2015,2015,여,16,13,4,30.8,4,4,4,100,4
항로표지,2016,2016,전체,91,69,22,31.9,25,22,18,81.8,18
항로표지,2016,2016,여,20,16,6,37.5,5,5,4,80,4
항로표지,2017,2017,전체,85,59,22,37.3,21,20,10,50,10
항로표지,2017,2017,여,19,16,5,31.3,4,4,1,25,1
항로표지,2018,2018,전체,110,84,51,60.7,46,43,25,58.1,25
항로표지,2018,2018,여,16,10,6,60,3,3,3,100,3
항로표지,2019,2019,전체,157,123,94,76.4,83,78,44,56.4,44
항로표지,2019,2019,여,29,27,26,96.3,19,17,11,64.7,11
측량및지형공간정보,1975,2019,전체,116980,75529,26735,35.4,52186,43307,15884,36.7,18052
측량및지형공간정보,1975,2014,전체,101996,65871,23513,35.7,46323,38112,13462,35.3,15630
측량및지형공간정보,2015,2015,전체,2771,1792,508,28.3,1090,957,375,39.2,375
측량및지형공간정보,2015,2015,여,351,268,106,39.6,195,172,75,43.6,75
측량및지형공간정보,2016,2016,전체,2951,1882,585,31.1,1013,887,425,47.9,425
측량및지형공간정보,2016,2016,여,396,293,125,42.7,194,181,93,51.4,93
측량및지형공간정보,2017,2017,전체,2959,1852,658,35.5,1158,1031,462,44.8,462
측량및지형공간정보,2017,2017,여,381,278,124,44.6,196,176,88,50,88
측량및지형공간정보,2018,2018,전체,3055,2037,753,37,1267,1142,596,52.2,596
측량및지형공간정보,2018,2018,여,431,321,135,42.1,201,188,106,56.4,106
측량및지형공간정보,2019,2019,전체,3248,2095,718,34.3,1335,1178,564,47.9,564
측량및지형공간정보,2019,2019,여,500,362,159,43.9,264,244,126,51.6,126
지적,1975,2019,전체,83432,57325,18147,31.7,33787,28843,12678,44,13716
지적,1975,2014,전체,72824,49677,14631,29.5,28133,23926,10188,42.6,11226
지적,2015,2015,전체,1742,1229,548,44.6,912,786,375,47.7,375
지적,2015,2015,여,420,314,170,54.1,245,230,125,54.3,125
지적,2016,2016,전체,2006,1447,740,51.1,1078,930,514,55.3,514
지적,2016,2016,여,449,347,198,57.1,274,242,144,59.5,144
지적,2017,2017,전체,2121,1544,691,44.8,1064,934,584,62.5,584
지적,2017,2017,여,466,384,162,42.2,276,247,148,59.9,148
지적,2018,2018,전체,2360,1709,830,48.6,1144,1008,444,44,444
지적,2018,2018,여,537,403,211,52.4,277,243,111,45.7,111
지적,2019,2019,전체,2379,1719,707,41.1,1456,1259,573,45.5,573
지적,2019,2019,여,603,447,208,46.5,396,363,166,45.7,166
해양환경,1975,2019,전체,4540,3812,1760,46.2,2475,2319,1002,43.2,1025
해양환경,1975,2014,전체,2664,2188,782,35.7,1100,998,419,42,442
해양환경,2015,2015,전체,355,304,164,53.9,204,197,28,14.2,28
해양환경,2015,2015,여,137,118,64,54.2,83,79,10,12.7,10
해양환경,2016,2016,전체,363,301,168,55.8,273,266,138,51.9,138
해양환경,2016,2016,여,130,112,68,60.7,112,111,57,51.4,57
해양환경,2017,2017,전체,381,338,212,62.7,283,269,86,32,86
해양환경,2017,2017,여,137,127,84,66.1,111,108,30,27.8,30
해양환경,2018,2018,전체,405,357,246,68.9,337,322,170,52.8,170
해양환경,2018,2018,여,153,135,102,75.6,147,140,70,50,70
해양환경,2019,2019,전체,372,324,188,58,278,267,161,60.3,161
해양환경,2019,2019,여,147,133,81,60.9,121,120,65,54.2,65
해양자원개발,1975,2019,전체,825,627,248,39.6,337,269,68,25.3,71
해양자원개발,1975,2014,전체,666,510,187,36.7,234,183,43,23.5,46
해양자원개발,2015,2015,전체,51,38,17,44.7,35,32,1,3.1,1
해양자원개발,2015,2015,여,14,12,7,58.3,12,11,0,0,0
해양자원개발,2016,2016,전체,34,26,14,53.8,20,17,5,29.4,5
해양자원개발,2016,2016,여,6,6,5,83.3,9,7,1,14.3,1
해양자원개발,2017,2017,전체,26,20,13,65,21,16,4,25,4
해양자원개발,2017,2017,여,7,7,6,85.7,11,7,2,28.6,2
해양자원개발,2018,2018,전체,23,16,7,43.8,15,12,9,75,9
해양자원개발,2018,2018,여,5,4,1,25,6,4,4,100,4
해양자원개발,2019,2019,전체,25,17,10,58.8,12,9,6,66.7,6
해양자원개발,2019,2019,여,7,5,3,60,4,2,1,50,1
해양공학,1975,2019,전체,1571,1077,292,27.1,461,385,128,33.2,133
해양공학,1975,2014,전체,1441,986,256,26,396,329,116,35.3,121
해양공학,2015,2015,전체,36,27,10,37,17,15,10,66.7,10
해양공학,2015,2015,여,7,5,0,0,0,0,0,0,0
해양공학,2016,2016,전체,33,24,16,66.7,19,17,0,0,0
해양공학,2016,2016,여,5,4,1,25,1,1,0,0,0
해양공학,2017,2017,전체,25,16,6,37.5,17,14,0,0,0
해양공학,2017,2017,여,4,3,1,33.3,1,1,0,0,0
해양공학,2018,2018,전체,16,11,2,18.2,8,7,1,14.3,1
해양공학,2018,2018,여,3,2,0,0,0,0,0,0,0
해양공학,2019,2019,전체,20,13,2,15.4,4,3,1,33.3,1
해양공학,2019,2019,여,7,4,1,25,1,1,0,0,0
응용지질,1975,2019,전체,20804,16497,6398,38.8,10635,9415,3477,36.9,3987
응용지질,1975,2014,전체,18192,14429,5644,39.1,9344,8246,2998,36.4,3508
응용지질,2015,2015,전체,620,482,171,35.5,374,326,76,23.3,76
응용지질,2015,2015,여,163,134,53,39.6,144,135,33,24.4,33
응용지질,2016,2016,전체,485,381,169,44.4,251,225,148,65.8,148
응용지질,2016,2016,여,136,122,49,40.2,66,57,40,70.2,40
응용지질,2017,2017,전체,511,402,107,26.6,179,165,54,32.7,54
응용지질,2017,2017,여,145,129,36,27.9,62,58,19,32.8,19
응용지질,2018,2018,전체,506,419,163,38.9,247,233,94,40.3,94
응용지질,2018,2018,여,151,137,60,43.8,95,89,35,39.3,35
응용지질,2019,2019,전체,490,384,144,37.5,240,220,107,48.6,107
응용지질,2019,2019,여,141,118,51,43.2,81,80,35,43.8,35
건설재료시험,1975,2019,전체,131605,91960,40226,43.7,62739,46574,24405,52.4,24409
건설재료시험,1975,2014,전체,115505,81450,35736,43.9,56712,41367,20914,50.6,20918
건설재료시험,2015,2015,전체,3037,1948,826,42.4,1187,1012,538,53.2,538
건설재료시험,2015,2015,여,200,148,95,64.2,118,108,69,63.9,69
건설재료시험,2016,2016,전체,3130,2085,967,46.4,1265,1125,855,76,855
건설재료시험,2016,2016,여,233,174,107,61.5,126,109,90,82.6,90
건설재료시험,2017,2017,전체,3233,2157,974,45.2,1159,987,650,65.9,650
건설재료시험,2017,2017,여,275,198,104,52.5,114,104,73,70.2,73
건설재료시험,2018,2018,전체,3162,2094,841,40.2,1213,1046,731,69.9,731
건설재료시험,2018,2018,여,294,215,96,44.7,135,121,86,71.1,86
건설재료시험,2019,2019,전체,3538,2226,882,39.6,1203,1037,717,69.1,717
건설재료시험,2019,2019,여,340,235,82,34.9,104,92,65,70.7,65
철도토목,1975,2019,전체,4855,3415,1238,36.3,1946,1582,700,44.2,702
철도토목,1975,2014,전체,4024,2810,1051,37.4,1672,1337,599,44.8,601
철도토목,2015,2015,전체,173,119,26,21.8,47,44,37,84.1,37
철도토목,2015,2015,여,4,3,0,0,1,1,0,0,0
철도토목,2016,2016,전체,167,117,37,31.6,38,32,6,18.8,6
철도토목,2016,2016,여,8,6,2,33.3,2,1,0,0,0
철도토목,2017,2017,전체,161,119,31,26.1,54,50,26,52,26
철도토목,2017,2017,여,8,6,1,16.7,3,3,3,100,3
철도토목,2018,2018,전체,145,104,39,37.5,54,49,2,4.1,2
철도토목,2018,2018,여,4,2,0,0,0,0,0,0,0
철도토목,2019,2019,전체,185,146,54,37,81,70,30,42.9,30
철도토목,2019,2019,여,8,7,5,71.4,5,4,1,25,1
조경분야,1975,2019,전체,186525,143674,26359,18.3,58691,48417,16264,33.6,18159
조경분야,1975,2014,전체,157874,121573,22326,18.4,50503,41570,13329,32.1,15224
조경분야,2015,2015,전체,6607,5078,831,16.4,1622,1402,544,38.8,544
조경분야,2015,2015,여,2502,1969,339,17.2,639,573,273,47.6,273
조경분야,2016,2016,전체,5694,4289,727,17,1496,1228,584,47.6,584
조경분야,2016,2016,여,2200,1723,353,20.5,631,541,289,53.4,289
조경분야,2017,2017,전체,5646,4371,840,19.2,1524,1267,555,43.8,555
조경분야,2017,2017,여,2186,1757,337,19.2,580,486,252,51.9,252
조경분야,2018,2018,전체,4992,3858,931,24.1,1846,1538,691,44.9,691
조경분야,2018,2018,여,1971,1559,378,24.2,700,599,300,50.1,300
조경분야,2019,2019,전체,5712,4505,704,15.6,1700,1412,561,39.7,561
조경분야,2019,2019,여,2316,1893,296,15.6,663,588,268,45.6,268
조경,1975,2019,전체,186525,143674,26359,18.3,58691,48417,16264,33.6,18159
조경,1975,2014,전체,157874,121573,22326,18.4,50503,41570,13329,32.1,15224
조경,2015,2015,전체,6607,5078,831,16.4,1622,1402,544,38.8,544
조경,2015,2015,여,2502,1969,339,17.2,639,573,273,47.6,273
조경,2016,2016,전체,5694,4289,727,17,1496,1228,584,47.6,584
조경,2016,2016,여,2200,1723,353,20.5,631,541,289,53.4,289
조경,2017,2017,전체,5646,4371,840,19.2,1524,1267,555,43.8,555
조경,2017,2017,여,2186,1757,337,19.2,580,486,252,51.9,252
조경,2018,2018,전체,4992,3858,931,24.1,1846,1538,691,44.9,691
조경,2018,2018,여,1971,1559,378,24.2,700,599,300,50.1,300
조경,2019,2019,전체,5712,4505,704,15.6,1700,1412,561,39.7,561
조경,2019,2019,여,2316,1893,296,15.6,663,588,268,45.6,268
도시.교통분야,1975,2019,전체,116958,85810,37216,43.4,83603,60834,15735,25.9,17954
도시.교통분야,1975,2014,전체,98973,72003,29901,41.5,68104,49001,12340,25.2,14559
도시.교통분야,2015,2015,전체,3251,2513,1215,48.3,2286,1722,657,38.2,657
도시.교통분야,2015,2015,여,984,801,423,52.8,750,621,260,41.9,260
도시.교통분야,2016,2016,전체,3391,2551,1370,53.7,2595,1951,790,40.5,790
도시.교통분야,2016,2016,여,1089,855,488,57.1,862,697,306,43.9,306
도시.교통분야,2017,2017,전체,3610,2789,1427,51.2,3089,2342,563,24,563
도시.교통분야,2017,2017,여,1189,956,476,49.8,1010,819,208,25.4,208
도시.교통분야,2018,2018,전체,3846,2941,1537,52.3,3625,2808,667,23.8,667
도시.교통분야,2018,2018,여,1351,1073,608,56.7,1363,1084,257,23.7,257
도시.교통분야,2019,2019,전체,3887,3013,1766,58.6,3904,3010,718,23.9,718
도시.교통분야,2019,2019,여,1312,1048,635,60.6,1502,1208,285,23.6,285
도시계획,1975,2019,전체,80985,60037,25562,42.6,54979,39803,10308,25.9,12525
도시계획,1975,2014,전체,68829,50509,20633,40.9,45455,32800,8015,24.4,10232
도시계획,2015,2015,전체,2095,1641,803,48.9,1416,1043,457,43.8,457
도시계획,2015,2015,여,642,533,284,53.3,467,380,192,50.5,192
도시계획,2016,2016,전체,2219,1689,867,51.3,1540,1074,523,48.7,523
도시계획,2016,2016,여,757,599,331,55.3,517,404,221,54.7,221
도시계획,2017,2017,전체,2421,1940,946,48.8,1774,1241,431,34.7,431
도시계획,2017,2017,여,819,671,314,46.8,576,442,166,37.6,166
도시계획,2018,2018,전체,2659,2078,1062,51.1,2237,1687,475,28.2,475
도시계획,2018,2018,여,977,778,428,55,855,660,205,31.1,205
도시계획,2019,2019,전체,2762,2180,1251,57.4,2557,1958,407,20.8,407
도시계획,2019,2019,여,975,778,459,59,991,789,172,21.8,172
교통,1975,2019,전체,35973,25773,11654,45.2,28624,21031,5427,25.8,5429
교통,1975,2014,전체,30144,21494,9268,43.1,22649,16201,4325,26.7,4327
교통,2015,2015,전체,1156,872,412,47.2,870,679,200,29.5,200
교통,2015,2015,여,342,268,139,51.9,283,241,68,28.2,68
교통,2016,2016,전체,1172,862,503,58.4,1055,877,267,30.4,267
교통,2016,2016,여,332,256,157,61.3,345,293,85,29,85
교통,2017,2017,전체,1189,849,481,56.7,1315,1101,132,12,132
교통,2017,2017,여,370,285,162,56.8,434,377,42,11.1,42
교통,2018,2018,전체,1187,863,475,55,1388,1121,192,17.1,192
교통,2018,2018,여,374,295,180,61,508,424,52,12.3,52
교통,2019,2019,전체,1125,833,515,61.8,1347,1052,311,29.6,311
교통,2019,2019,여,337,270,176,65.2,511,419,113,27,113
채광분야,1975,2019,전체,44310,34627,13369,38.6,29847,25885,3707,14.3,6075
채광분야,1975,2014,전체,41011,32069,12469,38.9,28175,24336,3219,13.2,5587
채광분야,2015,2015,전체,649,517,157,30.4,293,278,87,31.3,87
채광분야,2015,2015,여,23,19,7,36.8,13,13,2,15.4,2
채광분야,2016,2016,전체,688,536,211,39.4,341,313,130,41.5,130
채광분야,2016,2016,여,23,20,11,55,16,16,4,25,4
채광분야,2017,2017,전체,676,526,188,35.7,367,338,82,24.3,82
채광분야,2017,2017,여,18,14,4,28.6,14,14,7,50,7
채광분야,2018,2018,전체,649,507,171,33.7,358,333,86,25.8,86
채광분야,2018,2018,여,19,15,6,40,7,7,3,42.9,3
채광분야,2019,2019,전체,637,472,173,36.7,313,287,103,35.9,103
채광분야,2019,2019,여,23,17,6,35.3,10,10,2,20,2
화약류관리,1975,2019,전체,32401,25556,11128,43.5,27451,23665,2730,11.5,3454
화약류관리,1975,2014,전체,29774,23511,10414,44.3,26003,22321,2349,10.5,3073
화약류관리,2015,2015,전체,500,397,134,33.8,265,250,71,28.4,71
화약류관리,2015,2015,여,11,9,5,55.6,12,12,1,8.3,1
화약류관리,2016,2016,전체,544,425,177,41.6,305,283,112,39.6,112
화약류관리,2016,2016,여,14,14,8,57.1,13,13,3,23.1,3
화약류관리,2017,2017,전체,558,448,156,34.8,329,303,60,19.8,60
화약류관리,2017,2017,여,12,10,3,30,12,12,5,41.7,5
화약류관리,2018,2018,전체,507,397,127,32,308,286,78,27.3,78
화약류관리,2018,2018,여,14,10,3,30,4,4,2,50,2
화약류관리,2019,2019,전체,518,378,120,31.7,241,222,60,27,60
화약류관리,2019,2019,여,21,16,5,31.3,8,8,2,25,2
광산보안,1975,2019,전체,10717,8233,2062,25,2104,1968,910,46.2,2554
광산보안,1975,2014,전체,10045,7720,1876,24.3,1880,1763,803,45.5,2447
광산보안,2015,2015,전체,149,120,23,19.2,28,28,16,57.1,16
광산보안,2015,2015,여,12,10,2,20,1,1,1,100,1
광산보안,2016,2016,전체,144,111,34,30.6,36,30,18,60,18
광산보안,2016,2016,여,9,6,3,50,3,3,1,33.3,1
광산보안,2017,2017,전체,118,78,32,41,38,35,22,62.9,22
광산보안,2017,2017,여,6,4,1,25,2,2,2,100,2
광산보안,2018,2018,전체,142,110,44,40,50,47,8,17,8
광산보안,2018,2018,여,5,5,3,60,3,3,1,33.3,1
광산보안,2019,2019,전체,119,94,53,56.4,72,65,43,66.2,43
광산보안,2019,2019,여,2,1,1,100,2,2,0,0,0
광해방지분야,1975,2019,전체,2525,1966,1001,50.9,1524,1291,382,29.6,382
광해방지분야,1975,2014,전체,1929,1529,751,49.1,1189,1003,285,28.4,285
광해방지분야,2015,2015,전체,138,104,42,40.4,54,47,6,12.8,6
광해방지분야,2015,2015,여,32,30,15,50,16,15,1,6.7,1
광해방지분야,2016,2016,전체,132,98,51,52,63,55,42,76.4,42
광해방지분야,2016,2016,여,28,24,14,58.3,20,19,14,73.7,14
광해방지분야,2017,2017,전체,152,110,77,70,90,79,30,38,30
광해방지분야,2017,2017,여,35,29,25,86.2,29,28,6,21.4,6
광해방지분야,2018,2018,전체,87,67,45,67.2,66,58,9,15.5,9
광해방지분야,2018,2018,여,11,11,10,90.9,20,17,4,23.5,4
광해방지분야,2019,2019,전체,87,58,35,60.3,62,49,10,20.4,10
광해방지분야,2019,2019,여,16,11,8,72.7,13,9,4,44.4,4
광해방지,1975,2019,전체,2525,1966,1001,50.9,1524,1291,382,29.6,382
광해방지,1975,2014,전체,1929,1529,751,49.1,1189,1003,285,28.4,285
광해방지,2015,2015,전체,138,104,42,40.4,54,47,6,12.8,6
광해방지,2015,2015,여,32,30,15,50,16,15,1,6.7,1
광해방지,2016,2016,전체,132,98,51,52,63,55,42,76.4,42
광해방지,2016,2016,여,28,24,14,58.3,20,19,14,73.7,14
광해방지,2017,2017,전체,152,110,77,70,90,79,30,38,30
광해방지,2017,2017,여,35,29,25,86.2,29,28,6,21.4,6
광해방지,2018,2018,전체,87,67,45,67.2,66,58,9,15.5,9
광해방지,2018,2018,여,11,11,10,90.9,20,17,4,23.5,4
광해방지,2019,2019,전체,87,58,35,60.3,62,49,10,20.4,10
광해방지,2019,2019,여,16,11,8,72.7,13,9,4,44.4,4
기계제작분야,1975,2019,전체,274082,195233,64642,33.1,115296,98937,38585,39,39304
기계제작분야,1975,2014,전체,188334,132723,39114,29.5,75650,63402,23580,37.2,24299
기계제작분야,2015,2015,전체,12674,9038,3110,34.4,4497,4063,1545,38,1545
기계제작분야,2015,2015,여,1207,871,264,30.3,358,325,121,37.2,121
기계제작분야,2016,2016,전체,16540,11968,4689,39.2,6623,5961,2814,47.2,2814
기계제작분야,2016,2016,여,1678,1236,432,35,584,529,221,41.8,221
기계제작분야,2017,2017,전체,19095,14226,5888,41.4,9003,8051,3612,44.9,3612
기계제작분야,2017,2017,여,1897,1453,527,36.3,814,729,318,43.6,318
기계제작분야,2018,2018,전체,17380,12741,5464,42.9,8961,7951,2886,36.3,2886
기계제작분야,2018,2018,여,2081,1539,525,34.1,837,750,263,35.1,263
기계제작분야,2019,2019,전체,20059,14537,6377,43.9,10562,9509,4148,43.6,4148
기계제작분야,2019,2019,여,2601,1962,760,38.7,1168,1070,465,43.5,465
일반기계,1975,2019,전체,263673,188114,63130,33.6,113525,97352,37949,39,38458
일반기계,1975,2014,전체,179191,126446,37787,29.9,74066,61986,23006,37.1,23515
일반기계,2015,2015,전체,12364,8830,3055,34.6,4443,4010,1523,38,1523
일반기계,2015,2015,여,1177,850,263,30.9,357,324,120,37,120
일반기계,2016,2016,전체,16246,11770,4653,39.5,6580,5922,2804,47.3,2804
일반기계,2016,2016,여,1644,1214,428,35.3,580,525,220,41.9,220
일반기계,2017,2017,전체,18857,14076,5853,41.6,8968,8021,3602,44.9,3602
일반기계,2017,2017,여,1876,1440,526,36.5,813,729,318,43.6,318
일반기계,2018,2018,전체,17178,12603,5429,43.1,8928,7923,2873,36.3,2873
일반기계,2018,2018,여,2056,1523,522,34.3,835,748,261,34.9,261
일반기계,2019,2019,전체,19837,14389,6353,44.2,10540,9490,4141,43.6,4141
일반기계,2019,2019,여,2572,1945,759,39,1167,1069,464,43.4,464
기계설계,1975,2019,전체,4064,2769,523,18.9,550,470,151,32.1,340
기계설계,1975,2014,전체,2798,1927,338,17.5,363,301,89,29.6,278
기계설계,2015,2015,전체,310,208,55,26.4,54,53,22,41.5,22
기계설계,2015,2015,여,30,21,1,4.8,1,1,1,100,1
기계설계,2016,2016,전체,294,198,36,18.2,43,39,10,25.6,10
기계설계,2016,2016,여,34,22,4,18.2,4,4,1,25,1
기계설계,2017,2017,전체,238,150,35,23.3,35,30,10,33.3,10
기계설계,2017,2017,여,21,13,1,7.7,1,0,0,0,0
기계설계,2018,2018,전체,202,138,35,25.4,33,28,13,46.4,13
기계설계,2018,2018,여,25,16,3,18.8,2,2,2,100,2
기계설계,2019,2019,전체,222,148,24,16.2,22,19,7,36.8,7
기계설계,2019,2019,여,29,17,1,5.9,1,1,1,100,1
기계장비설비.설치분야,1975,2019,전체,336976,235799,85093,36.1,152723,128585,47758,37.1,50161
기계장비설비.설치분야,1975,2014,전체,274384,190250,64475,33.9,121299,100875,35189,34.9,37592
기계장비설비.설치분야,2015,2015,전체,10722,7896,3576,45.3,5017,4411,1892,42.9,1892
기계장비설비.설치분야,2015,2015,여,408,287,109,38,172,148,48,32.4,48
기계장비설비.설치분야,2016,2016,전체,11620,8598,4166,48.5,6021,5338,2832,53.1,2832
기계장비설비.설치분야,2016,2016,여,456,334,149,44.6,229,192,85,44.3,85
기계장비설비.설치분야,2017,2017,전체,12198,8830,3964,44.9,6205,5459,2667,48.9,2667
기계장비설비.설치분야,2017,2017,여,524,389,171,44,262,229,102,44.5,102
기계장비설비.설치분야,2018,2018,전체,12912,9235,3671,39.8,6123,5384,2483,46.1,2483
기계장비설비.설치분야,2018,2018,여,611,441,170,38.5,274,222,115,51.8,115
기계장비설비.설치분야,2019,2019,전체,15140,10990,5241,47.7,8058,7118,2695,37.9,2695
기계장비설비.설치분야,2019,2019,여,740,547,284,51.9,387,340,124,36.5,124
농업기계,1975,2019,전체,1185,810,168,20.7,222,183,60,32.8,60
농업기계,1975,2014,전체,1007,696,142,20.4,196,158,46,29.1,46
농업기계,2015,2015,전체,23,15,4,26.7,4,4,1,25,1
농업기계,2015,2015,여,3,1,0,0,0,0,0,0,0
농업기계,2016,2016,전체,30,22,5,22.7,4,4,2,50,2
농업기계,2016,2016,여,1,1,0,0,0,0,0,0,0
농업기계,2017,2017,전체,31,24,5,20.8,3,3,1,33.3,1
농업기계,2017,2017,여,0,0,0,0,0,0,0,0,0
농업기계,2018,2018,전체,38,23,3,13,4,4,1,25,1
농업기계,2018,2018,여,4,1,1,100,1,1,0,0,0
농업기계,2019,2019,전체,56,30,9,30,11,10,9,90,9
농업기계,2019,2019,여,4,2,1,50,2,2,2,100,2
건설기계설비,1975,2019,전체,157096,112091,42761,38.1,77101,64563,22783,35.3,23645
건설기계설비,1975,2014,전체,148794,105956,39502,37.3,73357,61398,21014,34.2,21876
건설기계설비,2015,2015,전체,1582,1189,492,41.4,615,514,222,43.2,222
건설기계설비,2015,2015,여,142,102,40,39.2,44,37,14,37.8,14
건설기계설비,2016,2016,전체,1919,1467,805,54.9,829,677,404,59.7,404
건설기계설비,2016,2016,여,126,85,40,47.1,46,37,20,54.1,20
건설기계설비,2017,2017,전체,1760,1320,743,56.3,849,730,416,57,416
건설기계설비,2017,2017,여,132,98,58,59.2,71,64,32,50,32
건설기계설비,2018,2018,전체,1535,1074,586,54.6,731,629,377,59.9,377
건설기계설비,2018,2018,여,106,71,31,43.7,48,41,25,61,25
건설기계설비,2019,2019,전체,1506,1085,633,58.3,720,615,350,56.9,350
건설기계설비,2019,2019,여,130,102,48,47.1,48,42,32,76.2,32
건설기계정비,1975,2019,전체,6762,4824,1999,41.4,874,741,201,27.1,1717
건설기계정비,1975,2014,전체,6369,4534,1940,42.8,797,674,184,27.3,1700
건설기계정비,2015,2015,전체,98,71,12,16.9,12,11,3,27.3,3
건설기계정비,2015,2015,여,0,0,0,0,0,0,0,0,0
건설기계정비,2016,2016,전체,77,59,11,18.6,16,14,2,14.3,2
건설기계정비,2016,2016,여,1,1,0,0,0,0,0,0,0
건설기계정비,2017,2017,전체,77,56,16,28.6,21,20,7,35,7
건설기계정비,2017,2017,여,1,0,0,0,0,0,0,0,0
건설기계정비,2018,2018,전체,60,43,7,16.3,11,8,3,37.5,3
건설기계정비,2018,2018,여,1,1,0,0,0,0,0,0,0
건설기계정비,2019,2019,전체,81,61,13,21.3,17,14,2,14.3,2
건설기계정비,2019,2019,여,0,0,0,0,0,0,0,0,0
궤도장비정비,1975,2019,전체,489,403,78,19.4,114,108,49,45.4,49
궤도장비정비,1975,2014,전체,365,310,62,20,93,87,37,42.5,37
궤도장비정비,2015,2015,전체,24,20,3,15,4,4,4,100,4
궤도장비정비,2015,2015,여,1,1,0,0,0,0,0,0,0
궤도장비정비,2016,2016,전체,32,24,7,29.2,7,7,2,28.6,2
궤도장비정비,2016,2016,여,0,0,0,0,0,0,0,0,0
궤도장비정비,2017,2017,전체,26,21,3,14.3,7,7,4,57.1,4
궤도장비정비,2017,2017,여,0,0,0,0,0,0,0,0,0
궤도장비정비,2018,2018,전체,17,11,3,27.3,3,3,2,66.7,2
궤도장비정비,2018,2018,여,0,0,0,0,0,0,0,0,0
궤도장비정비,2019,2019,전체,25,17,0,0,0,0,0,0,0
궤도장비정비,2019,2019,여,0,0,0,0,0,0,0,0,0
메카트로닉스,1975,2019,전체,2192,1600,358,22.4,441,359,99,27.6,101
메카트로닉스,1975,2014,전체,2113,1549,342,22.1,420,341,94,27.6,96
메카트로닉스,2015,2015,전체,16,10,3,30,6,5,0,0,0
메카트로닉스,2015,2015,여,2,0,0,0,0,0,0,0,0
메카트로닉스,2016,2016,전체,17,11,2,18.2,5,4,1,25,1
메카트로닉스,2016,2016,여,1,0,0,0,0,0,0,0,0
메카트로닉스,2017,2017,전체,17,10,5,50,5,4,2,50,2
메카트로닉스,2017,2017,여,1,0,0,0,0,0,0,0,0
메카트로닉스,2018,2018,전체,15,12,3,25,2,2,1,50,1
메카트로닉스,2018,2018,여,0,0,0,0,0,0,0,0,0
메카트로닉스,2019,2019,전체,14,8,3,37.5,3,3,1,33.3,1
메카트로닉스,2019,2019,여,0,0,0,0,0,0,0,0,0
승강기,1975,2019,전체,22967,17151,4009,23.4,5830,5620,3231,57.5,3230
승강기,1975,2014,전체,15069,11247,2337,20.8,3694,3519,1824,51.8,1823
승강기,2015,2015,전체,1049,790,158,20,240,236,121,51.3,121
승강기,2015,2015,여,30,27,8,29.6,14,14,7,50,7
승강기,2016,2016,전체,1057,775,178,23,240,235,164,69.8,164
승강기,2016,2016,여,34,25,12,48,12,12,9,75,9
승강기,2017,2017,전체,1567,1156,231,20,336,330,191,57.9,191
승강기,2017,2017,여,42,32,12,37.5,17,17,10,58.8,10
승강기,2018,2018,전체,1808,1380,438,31.7,509,499,341,68.3,341
승강기,2018,2018,여,67,56,26,46.4,32,30,27,90,27
승강기,2019,2019,전체,2417,1803,667,37,811,801,590,73.7,590
승강기,2019,2019,여,85,70,35,50,36,36,29,80.6,29
공조냉동기계,1975,2019,전체,123347,80754,26125,32.4,55663,45235,14485,32,14509
공조냉동기계,1975,2014,전체,92953,59816,17394,29.1,39047,31251,10136,32.4,10160
공조냉동기계,2015,2015,전체,4755,3136,1077,34.3,2397,1980,520,26.3,520
공조냉동기계,2015,2015,여,217,145,53,36.6,105,88,21,23.9,21
공조냉동기계,2016,2016,전체,5317,3639,1484,40.8,2684,2270,912,40.2,912
공조냉동기계,2016,2016,여,278,208,88,42.3,160,132,50,37.9,50
공조냉동기계,2017,2017,전체,6054,4137,1821,44,3379,2853,1119,39.2,1119
공조냉동기계,2017,2017,여,331,243,96,39.5,167,142,56,39.4,56
공조냉동기계,2018,2018,전체,6580,4570,1694,37.1,3400,2855,938,32.9,938
공조냉동기계,2018,2018,여,404,291,103,35.4,183,140,55,39.3,55
공조냉동기계,2019,2019,전체,7688,5456,2655,48.7,4756,4026,860,21.4,860
공조냉동기계,2019,2019,여,508,364,194,53.3,291,250,55,22,55
설비보전,1975,2019,전체,22760,18061,9582,53.1,12461,11761,6847,58.2,6847
설비보전,1975,2014,전체,7536,6037,2743,45.4,3678,3432,1851,53.9,1851
설비보전,2015,2015,전체,3175,2665,1827,68.6,1739,1657,1021,61.6,1021
설비보전,2015,2015,여,13,11,8,72.7,9,9,6,66.7,6
설비보전,2016,2016,전체,3171,2601,1674,64.4,2236,2127,1345,63.2,1345
설비보전,2016,2016,여,15,14,9,64.3,11,11,6,54.5,6
설비보전,2017,2017,전체,2666,2106,1140,54.1,1605,1512,927,61.3,927
설비보전,2017,2017,여,17,16,5,31.3,7,6,4,66.7,4
설비보전,2018,2018,전체,2859,2122,937,44.2,1463,1384,820,59.2,820
설비보전,2018,2018,여,29,21,9,42.9,10,10,8,80,8
설비보전,2019,2019,전체,3353,2530,1261,49.8,1740,1649,883,53.5,883
설비보전,2019,2019,여,13,9,6,66.7,10,10,6,60,6
철도분야,1975,2019,전체,1350,939,236,25.1,397,355,61,17.2,71
철도분야,1975,2014,전체,1287,894,230,25.7,392,350,58,16.6,68
철도분야,2015,2015,전체,12,10,1,10,1,1,0,0,0
철도분야,2015,2015,여,1,1,0,0,0,0,0,0,0
철도분야,2016,2016,전체,14,10,2,20,1,1,1,100,1
철도분야,2016,2016,여,0,0,0,0,0,0,0,0,0
철도분야,2017,2017,전체,10,6,0,0,0,0,0,0,0
철도분야,2017,2017,여,0,0,0,0,0,0,0,0,0
철도분야,2018,2018,전체,12,8,2,25,2,2,1,50,1
철도분야,2018,2018,여,1,1,0,0,0,0,0,0,0
철도분야,2019,2019,전체,15,11,1,9.1,1,1,1,100,1
철도분야,2019,2019,여,0,0,0,0,0,0,0,0,0
철도차량,1975,2019,전체,1350,939,236,25.1,397,355,61,17.2,71
철도차량,1975,2014,전체,1287,894,230,25.7,392,350,58,16.6,68
철도차량,2015,2015,전체,12,10,1,10,1,1,0,0,0
철도차량,2015,2015,여,1,1,0,0,0,0,0,0,0
철도차량,2016,2016,전체,14,10,2,20,1,1,1,100,1
철도차량,2016,2016,여,0,0,0,0,0,0,0,0,0
철도차량,2017,2017,전체,10,6,0,0,0,0,0,0,0
철도차량,2017,2017,여,0,0,0,0,0,0,0,0,0
철도차량,2018,2018,전체,12,8,2,25,2,2,1,50,1
철도차량,2018,2018,여,1,1,0,0,0,0,0,0,0
철도차량,2019,2019,전체,15,11,1,9.1,1,1,1,100,1
철도차량,2019,2019,여,0,0,0,0,0,0,0,0,0
조선분야,1975,2019,전체,7480,5564,1382,24.8,1361,1229,644,52.4,1409
조선분야,1975,2014,전체,6752,5028,1184,23.5,1126,1003,505,50.3,1270
조선분야,2015,2015,전체,119,78,23,29.5,31,29,13,44.8,13
조선분야,2015,2015,여,15,11,2,18.2,2,2,2,100,2
조선분야,2016,2016,전체,106,71,22,31,28,26,16,61.5,16
조선분야,2016,2016,여,12,10,4,40,4,4,2,50,2
조선분야,2017,2017,전체,160,120,52,43.3,56,55,33,60,33
조선분야,2017,2017,여,7,4,0,0,2,2,0,0,0
조선분야,2018,2018,전체,139,104,34,32.7,47,43,31,72.1,31
조선분야,2018,2018,여,10,8,1,12.5,1,1,0,0,0
조선분야,2019,2019,전체,204,163,67,41.1,73,73,46,63,46
조선분야,2019,2019,여,13,11,5,45.5,6,6,5,83.3,5
조선,1975,2019,전체,6220,4783,1283,26.8,1311,1189,636,53.5,1409
조선,1975,2014,전체,5492,4247,1085,25.5,1076,963,497,51.6,1270
조선,2015,2015,전체,119,78,23,29.5,31,29,13,44.8,13
조선,2015,2015,여,15,11,2,18.2,2,2,2,100,2
조선,2016,2016,전체,106,71,22,31,28,26,16,61.5,16
조선,2016,2016,여,12,10,4,40,4,4,2,50,2
조선,2017,2017,전체,160,120,52,43.3,56,55,33,60,33
조선,2017,2017,여,7,4,0,0,2,2,0,0,0
조선,2018,2018,전체,139,104,34,32.7,47,43,31,72.1,31
조선,2018,2018,여,10,8,1,12.5,1,1,0,0,0
조선,2019,2019,전체,204,163,67,41.1,73,73,46,63,46
조선,2019,2019,여,13,11,5,45.5,6,6,5,83.3,5
항공분야,1975,2019,전체,3817,2863,631,22,476,414,86,20.8,691
항공분야,1975,2014,전체,3463,2615,589,22.5,412,357,78,21.8,683
항공분야,2015,2015,전체,51,34,6,17.6,7,7,0,0,0
항공분야,2015,2015,여,3,2,0,0,0,0,0,0,0
항공분야,2016,2016,전체,58,40,4,10,9,8,1,12.5,1
항공분야,2016,2016,여,6,6,0,0,0,0,0,0,0
항공분야,2017,2017,전체,73,50,13,26,13,11,5,45.5,5
항공분야,2017,2017,여,6,5,1,20,1,1,0,0,0
항공분야,2018,2018,전체,86,63,11,17.5,19,17,0,0,0
항공분야,2018,2018,여,9,6,0,0,1,1,0,0,0
항공분야,2019,2019,전체,86,61,8,13.1,16,14,2,14.3,2
항공분야,2019,2019,여,7,7,1,14.3,1,1,0,0,0
항공,1975,2019,전체,3817,2863,631,22,476,414,86,20.8,691
항공,1975,2014,전체,3463,2615,589,22.5,412,357,78,21.8,683
항공,2015,2015,전체,51,34,6,17.6,7,7,0,0,0
항공,2015,2015,여,3,2,0,0,0,0,0,0,0
항공,2016,2016,전체,58,40,4,10,9,8,1,12.5,1
항공,2016,2016,여,6,6,0,0,0,0,0,0,0
항공,2017,2017,전체,73,50,13,26,13,11,5,45.5,5
항공,2017,2017,여,6,5,1,20,1,1,0,0,0
항공,2018,2018,전체,86,63,11,17.5,19,17,0,0,0
항공,2018,2018,여,9,6,0,0,1,1,0,0,0
항공,2019,2019,전체,86,61,8,13.1,16,14,2,14.3,2
항공,2019,2019,여,7,7,1,14.3,1,1,0,0,0
자동차분야,1975,2019,전체,120791,88897,25980,29.2,42460,36191,10583,29.2,13397
자동차분야,1975,2014,전체,111685,82236,24546,29.8,39928,33844,9992,29.5,12806
자동차분야,2015,2015,전체,1657,1228,232,18.9,425,395,47,11.9,47
자동차분야,2015,2015,여,29,17,6,35.3,6,5,0,0,0
자동차분야,2016,2016,전체,1788,1296,248,19.1,433,403,104,25.8,104
자동차분야,2016,2016,여,40,23,3,13,11,9,1,11.1,1
자동차분야,2017,2017,전체,1853,1346,298,22.1,534,500,163,32.6,163
자동차분야,2017,2017,여,39,27,7,25.9,9,9,3,33.3,3
자동차분야,2018,2018,전체,1763,1269,330,26,539,500,110,22,110
자동차분야,2018,2018,여,41,29,5,17.2,7,6,2,33.3,2
자동차분야,2019,2019,전체,2045,1522,326,21.4,601,549,167,30.4,167
자동차분야,2019,2019,여,42,35,9,25.7,13,11,3,27.3,3
그린전동자동차,1975,2019,전체,2114,1603,386,24.1,535,470,62,13.2,62
그린전동자동차,1975,2014,전체,376,299,66,22.1,58,54,3,5.6,3
그린전동자동차,2015,2015,전체,253,196,29,14.8,55,48,3,6.3,3
그린전동자동차,2015,2015,여,8,4,1,25,3,2,0,0,0
그린전동자동차,2016,2016,전체,304,228,53,23.2,69,58,5,8.6,5
그린전동자동차,2016,2016,여,8,4,1,25,2,1,1,100,1
그린전동자동차,2017,2017,전체,353,256,59,23,89,81,3,3.7,3
그린전동자동차,2017,2017,여,13,10,2,20,2,2,0,0,0
그린전동자동차,2018,2018,전체,359,275,106,38.5,141,124,2,1.6,2
그린전동자동차,2018,2018,여,9,4,0,0,1,1,0,0,0
그린전동자동차,2019,2019,전체,469,349,73,20.9,123,105,46,43.8,46
그린전동자동차,2019,2019,여,8,6,1,16.7,2,1,0,0,0
자동차정비,1975,2019,전체,75834,56167,14435,25.7,24310,20814,6339,30.5,13335
자동차정비,1975,2014,전체,68466,50810,13321,26.2,22255,18883,5807,30.8,12803
자동차정비,2015,2015,전체,1404,1032,203,19.7,370,347,44,12.7,44
자동차정비,2015,2015,여,21,13,5,38.5,3,3,0,0,0
자동차정비,2016,2016,전체,1484,1068,195,18.3,364,345,99,28.7,99
자동차정비,2016,2016,여,32,19,2,10.5,9,8,0,0,0
자동차정비,2017,2017,전체,1500,1090,239,21.9,445,419,160,38.2,160
자동차정비,2017,2017,여,26,17,5,29.4,7,7,3,42.9,3
자동차정비,2018,2018,전체,1404,994,224,22.5,398,376,108,28.7,108
자동차정비,2018,2018,여,32,25,5,20,6,5,2,40,2
자동차정비,2019,2019,전체,1576,1173,253,21.6,478,444,121,27.3,121
자동차정비,2019,2019,여,34,29,8,27.6,11,10,3,30,3
금형.공작기계분야,1975,2019,전체,5533,4186,994,23.7,1450,1258,325,25.8,326
금형.공작기계분야,1975,2014,전체,4661,3524,813,23.1,1209,1041,272,26.1,273
금형.공작기계분야,2015,2015,전체,186,145,39,26.9,48,43,10,23.3,10
금형.공작기계분야,2015,2015,여,14,12,7,58.3,7,7,5,71.4,5
금형.공작기계분야,2016,2016,전체,194,139,42,30.2,45,37,9,24.3,9
금형.공작기계분야,2016,2016,여,21,17,7,41.2,8,8,3,37.5,3
금형.공작기계분야,2017,2017,전체,177,127,47,37,64,62,15,24.2,15
금형.공작기계분야,2017,2017,여,21,13,4,30.8,7,7,2,28.6,2
금형.공작기계분야,2018,2018,전체,141,108,18,16.7,41,37,9,24.3,9
금형.공작기계분야,2018,2018,여,8,5,2,40,3,3,2,66.7,2
금형.공작기계분야,2019,2019,전체,174,143,35,24.5,43,38,10,26.3,10
금형.공작기계분야,2019,2019,여,15,10,1,10,2,1,1,100,1
사출금형설계,1975,2019,전체,3137,2375,596,25.1,861,745,188,25.2,188
사출금형설계,1975,2014,전체,2632,1995,480,24.1,707,606,160,26.4,160
사출금형설계,2015,2015,전체,106,86,29,33.7,36,33,7,21.2,7
사출금형설계,2015,2015,여,9,9,4,44.4,4,4,3,75,3
사출금형설계,2016,2016,전체,120,83,27,32.5,28,23,3,13,3
사출금형설계,2016,2016,여,15,12,6,50,6,6,1,16.7,1
사출금형설계,2017,2017,전체,106,78,29,37.2,43,42,8,19,8
사출금형설계,2017,2017,여,17,11,4,36.4,7,7,2,28.6,2
사출금형설계,2018,2018,전체,69,51,9,17.6,22,19,5,26.3,5
사출금형설계,2018,2018,여,6,3,2,66.7,3,3,2,66.7,2
사출금형설계,2019,2019,전체,104,82,22,26.8,25,22,5,22.7,5
사출금형설계,2019,2019,여,8,5,0,0,1,0,0,0,0
프레스금형설계,1975,2019,전체,2396,1811,398,22,589,513,137,26.7,138
프레스금형설계,1975,2014,전체,2029,1529,333,21.8,502,435,112,25.7,113
프레스금형설계,2015,2015,전체,80,59,10,16.9,12,10,3,30,3
프레스금형설계,2015,2015,여,5,3,3,100,3,3,2,66.7,2
프레스금형설계,2016,2016,전체,74,56,15,26.8,17,14,6,42.9,6
프레스금형설계,2016,2016,여,6,5,1,20,2,2,2,100,2
프레스금형설계,2017,2017,전체,71,49,18,36.7,21,20,7,35,7
프레스금형설계,2017,2017,여,4,2,0,0,0,0,0,0,0
프레스금형설계,2018,2018,전체,72,57,9,15.8,19,18,4,22.2,4
프레스금형설계,2018,2018,여,2,2,0,0,0,0,0,0,0
프레스금형설계,2019,2019,전체,70,61,13,21.3,18,16,5,31.3,5
프레스금형설계,2019,2019,여,7,5,1,20,1,1,1,100,1
금속.재료분야,1975,2019,전체,22581,17916,5680,31.7,5938,5502,2162,39.3,5555
금속.재료분야,1975,2014,전체,20118,16034,4843,30.2,5003,4604,1615,35.1,5008
금속.재료분야,2015,2015,전체,409,315,138,43.8,142,138,115,83.3,115
금속.재료분야,2015,2015,여,61,47,23,48.9,22,21,20,95.2,20
금속.재료분야,2016,2016,전체,475,353,86,24.4,100,96,57,59.4,57
금속.재료분야,2016,2016,여,64,49,10,20.4,10,10,5,50,5
금속.재료분야,2017,2017,전체,486,368,182,49.5,181,174,43,24.7,43
금속.재료분야,2017,2017,여,73,59,26,44.1,26,26,8,30.8,8
금속.재료분야,2018,2018,전체,401,306,112,36.6,165,158,87,55.1,87
금속.재료분야,2018,2018,여,55,42,18,42.9,25,24,14,58.3,14
금속.재료분야,2019,2019,전체,692,540,319,59.1,347,332,245,73.8,245
금속.재료분야,2019,2019,여,98,75,36,48,38,37,29,78.4,29
금속재료,1975,2019,전체,3364,2518,954,37.9,1064,1021,622,60.9,4262
금속재료,1975,2014,전체,901,636,117,18.4,129,123,75,61,3715
금속재료,2015,2015,전체,409,315,138,43.8,142,138,115,83.3,115
금속재료,2015,2015,여,61,47,23,48.9,22,21,20,95.2,20
금속재료,2016,2016,전체,475,353,86,24.4,100,96,57,59.4,57
금속재료,2016,2016,여,64,49,10,20.4,10,10,5,50,5
금속재료,2017,2017,전체,486,368,182,49.5,181,174,43,24.7,43
금속재료,2017,2017,여,73,59,26,44.1,26,26,8,30.8,8
금속재료,2018,2018,전체,401,306,112,36.6,165,158,87,55.1,87
금속재료,2018,2018,여,55,42,18,42.9,25,24,14,58.3,14
금속재료,2019,2019,전체,692,540,319,59.1,347,332,245,73.8,245
금속재료,2019,2019,여,98,75,36,48,38,37,29,78.4,29
용접분야,1975,2019,전체,19146,13644,2692,19.7,4307,4045,1670,41.3,1671
용접분야,1975,2014,전체,13877,9934,1901,19.1,2927,2736,1244,45.5,1245
용접분야,2015,2015,전체,1068,758,135,17.8,212,203,80,39.4,80
용접분야,2015,2015,여,6,4,0,0,0,0,0,0,0
용접분야,2016,2016,전체,1129,797,194,24.3,278,266,96,36.1,96
용접분야,2016,2016,여,20,12,4,33.3,3,3,0,0,0
용접분야,2017,2017,전체,1159,835,167,20,321,301,103,34.2,103
용접분야,2017,2017,여,14,12,3,25,5,4,2,50,2
용접분야,2018,2018,전체,966,677,172,25.4,277,262,88,33.6,88
용접분야,2018,2018,여,14,11,4,36.4,5,5,2,40,2
용접분야,2019,2019,전체,947,643,123,19.1,292,277,59,21.3,59
용접분야,2019,2019,여,21,17,3,17.6,7,7,1,14.3,1
용접,1975,2019,전체,19146,13644,2692,19.7,4307,4045,1670,41.3,1671
용접,1975,2014,전체,13877,9934,1901,19.1,2927,2736,1244,45.5,1245
용접,2015,2015,전체,1068,758,135,17.8,212,203,80,39.4,80
용접,2015,2015,여,6,4,0,0,0,0,0,0,0
용접,2016,2016,전체,1129,797,194,24.3,278,266,96,36.1,96
용접,2016,2016,여,20,12,4,33.3,3,3,0,0,0
용접,2017,2017,전체,1159,835,167,20,321,301,103,34.2,103
용접,2017,2017,여,14,12,3,25,5,4,2,50,2
용접,2018,2018,전체,966,677,172,25.4,277,262,88,33.6,88
용접,2018,2018,여,14,11,4,36.4,5,5,2,40,2
용접,2019,2019,전체,947,643,123,19.1,292,277,59,21.3,59
용접,2019,2019,여,21,17,3,17.6,7,7,1,14.3,1
화공분야,1975,2019,전체,138685,105802,39006,36.9,53995,50365,24167,48,27841
화공분야,1975,2014,전체,77694,58582,15994,27.3,23193,21079,7867,37.3,11541
화공분야,2015,2015,전체,8382,6336,2470,39,3396,3199,1444,45.1,1444
화공분야,2015,2015,여,3725,2865,1158,40.4,1521,1443,627,43.5,627
화공분야,2016,2016,전체,10551,7993,3344,41.8,5325,5019,2090,41.6,2090
화공분야,2016,2016,여,4849,3807,1617,42.5,2423,2302,935,40.6,935
화공분야,2017,2017,전체,11900,9320,4899,52.6,6108,5791,3704,64,3704
화공분야,2017,2017,여,5389,4339,2224,51.3,2819,2683,1685,62.8,1685
화공분야,2018,2018,전체,12535,9806,5076,51.8,6511,6243,3267,52.3,3267
화공분야,2018,2018,여,5887,4677,2352,50.3,2942,2842,1418,49.9,1419
화공분야,2019,2019,전체,17623,13765,7223,52.5,9462,9034,5795,64.1,5795
화공분야,2019,2019,여,8785,7061,3681,52.1,4849,4653,2965,63.7,2966
화공,1975,2019,전체,80281,61221,21289,34.8,31362,29138,14774,50.7,18586
화공,1975,2014,전체,48240,36765,10488,28.5,16113,14611,5643,38.6,9455
화공,2015,2015,전체,5019,3771,1254,33.3,1963,1857,917,49.4,917
화공,2015,2015,여,1745,1336,431,32.3,640,609,316,51.9,316
화공,2016,2016,전체,5950,4414,1617,36.6,3039,2864,1321,46.1,1321
화공,2016,2016,여,2084,1628,549,33.7,997,956,454,47.5,454
화공,2017,2017,전체,6298,4915,2410,49,3116,2956,2036,68.9,2036
화공,2017,2017,여,2167,1741,747,42.9,982,935,629,67.3,629
화공,2018,2018,전체,6480,4986,2481,49.8,3316,3183,2022,63.5,2022
화공,2018,2018,여,2339,1831,809,44.2,1043,1014,660,65.1,660
화공,2019,2019,전체,8294,6370,3039,47.7,3815,3667,2835,77.3,2835
화공,2019,2019,여,3163,2550,1164,45.6,1427,1381,1091,79,1091
화약류제조,1975,2019,전체,2871,2161,679,31.4,972,891,423,47.5,447
화약류제조,1975,2014,전체,2427,1783,568,31.9,832,757,333,44,357
화약류제조,2015,2015,전체,69,59,16,27.1,20,18,10,55.6,10
화약류제조,2015,2015,여,12,9,5,55.6,5,5,2,40,2
화약류제조,2016,2016,전체,76,67,17,25.4,20,19,15,78.9,15
화약류제조,2016,2016,여,5,4,2,50,2,2,2,100,2
화약류제조,2017,2017,전체,104,92,30,32.6,33,32,11,34.4,11
화약류제조,2017,2017,여,9,9,3,33.3,4,4,1,25,1
화약류제조,2018,2018,전체,87,72,18,25,33,32,24,75,24
화약류제조,2018,2018,여,8,6,3,50,5,5,4,80,4
화약류제조,2019,2019,전체,108,88,30,34.1,34,33,30,90.9,30
화약류제조,2019,2019,여,12,8,3,37.5,2,2,2,100,2
화학분석,1975,2019,전체,40474,31452,14725,46.8,19246,18088,7880,43.6,7880
화학분석,1975,2014,전체,13783,10525,3325,31.6,4551,4160,1342,32.3,1342
화학분석,2015,2015,전체,3026,2302,1128,49,1336,1247,463,37.1,463
화학분석,2015,2015,여,1828,1414,688,48.7,836,789,283,35.9,283
화학분석,2016,2016,전체,4235,3283,1646,50.1,2196,2072,701,33.8,701
화학분석,2016,2016,여,2596,2043,1038,50.8,1393,1316,456,34.7,456
화학분석,2017,2017,전체,5190,4072,2344,57.6,2845,2690,1579,58.7,1579
화학분석,2017,2017,여,3052,2463,1418,57.6,1776,1687,1018,60.3,1018
화학분석,2018,2018,전체,5565,4425,2401,54.3,2987,2856,1081,37.9,1081
화학분석,2018,2018,여,3346,2686,1464,54.5,1821,1752,703,40.1,704
화학분석,2019,2019,전체,8675,6845,3881,56.7,5331,5063,2714,53.6,2714
화학분석,2019,2019,여,5344,4268,2389,56,3286,3140,1769,56.3,1769
바이오화학제품제조,1975,2019,전체,4556,3661,1306,35.7,1425,1372,928,67.6,928
(舊 생물공학),1975,2014,전체,2741,2202,606,27.5,707,675,387,57.3,387
(舊 생물공학),2015,2015,전체,268,204,72,35.3,77,77,54,70.1,54
(舊 생물공학),2015,2015,여,140,106,34,32.1,40,40,26,65,26
(舊 생물공학),2016,2016,전체,290,229,64,27.9,70,64,53,82.8,53
(舊 생물공학),2016,2016,여,164,132,28,21.2,31,28,23,82.1,23
(舊 생물공학),2017,2017,전체,308,241,115,47.7,114,113,78,69,78
(舊 생물공학),2017,2017,여,161,126,56,44.4,57,57,37,64.9,37
(舊 생물공학),2018,2018,전체,403,323,176,54.5,175,172,140,81.4,140
(舊 생물공학),2018,2018,여,194,154,76,49.4,73,71,51,71.8,51
(舊 생물공학),2019,2019,전체,546,462,273,59.1,282,271,216,79.7,216
(舊 생물공학),2019,2019,여,266,235,125,53.2,134,130,103,79.2,104
섬유분야,1975,2019,전체,5943,4878,2391,49,2956,2674,847,31.7,2159
섬유분야,1975,2014,전체,5276,4327,2188,50.6,2627,2357,745,31.6,2057
섬유분야,2015,2015,전체,167,134,44,32.8,72,71,10,14.1,10
섬유분야,2015,2015,여,134,113,40,35.4,67,66,7,10.6,7
섬유분야,2016,2016,전체,127,107,24,22.4,58,57,15,26.3,15
섬유분야,2016,2016,여,99,84,18,21.4,52,51,12,23.5,12
섬유분야,2017,2017,전체,149,122,57,46.7,78,73,27,37,27
섬유분야,2017,2017,여,111,94,50,53.2,68,63,22,34.9,22
섬유분야,2018,2018,전체,117,101,27,26.7,60,59,26,44.1,26
섬유분야,2018,2018,여,80,71,22,31,54,53,22,41.5,22
섬유분야,2019,2019,전체,107,87,51,58.6,61,57,24,42.1,24
섬유분야,2019,2019,여,81,67,45,67.2,54,50,21,42,21
섬유,1975,2019,전체,274,219,31,14.2,32,32,29,90.6,97
섬유,1975,2014,전체,78,70,11,15.7,10,10,10,100,78
섬유,2015,2015,전체,36,23,1,4.3,2,2,2,100,2
섬유,2015,2015,여,18,12,0,0,0,0,0,0,0
섬유,2016,2016,전체,35,30,7,23.3,6,6,4,66.7,4
섬유,2016,2016,여,15,14,2,14.3,1,1,1,100,1
섬유,2017,2017,전체,52,38,6,15.8,8,8,7,87.5,7
섬유,2017,2017,여,23,18,2,11.1,2,2,2,100,2
섬유,2018,2018,전체,46,38,4,10.5,3,3,3,100,3
섬유,2018,2018,여,16,14,0,0,0,0,0,0,0
섬유,2019,2019,전체,27,20,2,10,3,3,3,100,3
섬유,2019,2019,여,9,6,0,0,0,0,0,0,0
의류,1975,2019,전체,4219,3535,1975,55.9,2440,2195,626,28.5,626
의류,1975,2014,전체,3748,3133,1792,57.2,2133,1900,543,28.6,543
의류,2015,2015,전체,131,111,43,38.7,70,69,8,11.6,8
의류,2015,2015,여,116,101,40,39.6,67,66,7,10.6,7
의류,2016,2016,전체,92,77,17,22.1,52,51,11,21.6,11
의류,2016,2016,여,84,70,16,22.9,51,50,11,22,11
의류,2017,2017,전체,97,84,51,60.7,70,65,20,30.8,20
의류,2017,2017,여,88,76,48,63.2,66,61,20,32.8,20
의류,2018,2018,전체,71,63,23,36.5,57,56,23,41.1,23
의류,2018,2018,여,64,57,22,38.6,54,53,22,41.5,22
의류,2019,2019,전체,80,67,49,73.1,58,54,21,38.9,21
의류,2019,2019,여,72,61,45,73.8,54,50,21,42,21
전기분야,1975,2019,전체,1635121,1181776,320775,27.1,754002,630793,184368,29.2,196762
전기분야,1975,2014,전체,1282912,919289,245967,26.8,576762,475326,140128,29.5,152522
전기분야,2015,2015,전체,58159,42411,10937,25.8,26800,23419,4621,19.7,4621
전기분야,2015,2015,여,2992,2288,728,31.8,1521,1316,244,18.5,244
전기분야,2016,2016,전체,64934,48527,12604,26,31458,27621,6675,24.2,6675
전기분야,2016,2016,여,4152,3229,1044,32.3,2266,2004,459,22.9,459
전기분야,2017,2017,전체,72329,54394,15491,28.5,35072,30828,11562,37.5,11562
전기분야,2017,2017,여,5040,3951,1305,33,2842,2524,907,35.9,907
전기분야,2018,2018,전체,73382,54676,15878,29,40392,35618,6649,18.7,6649
전기분야,2018,2018,여,5712,4420,1581,35.8,3688,3273,586,17.9,586
전기분야,2019,2019,전체,83405,62479,19898,31.8,43518,37981,14733,38.8,14733
전기분야,2019,2019,여,6791,5302,2057,38.8,4175,3669,1507,41.1,1507
전기,1975,2019,전체,1015847,745091,177842,23.9,443624,376448,102158,27.1,109944
전기,1975,2014,전체,738172,535549,122990,23,297432,247089,67793,27.4,75579
전기,2015,2015,전체,44545,33071,8095,24.5,21153,18636,3060,16.4,3060
전기,2015,2015,여,2187,1720,551,32,1215,1056,179,17,179
전기,2016,2016,전체,50634,38632,9085,23.5,26130,23089,4676,20.3,4676
전기,2016,2016,여,3167,2501,783,31.3,1891,1686,327,19.4,327
전기,2017,2017,전체,56784,43104,10831,25.1,28603,25309,9457,37.4,9457
전기,2017,2017,여,3943,3139,973,31,2432,2178,786,36.1,786
전기,2018,2018,전체,59840,44920,12329,27.4,34561,30849,4412,14.3,4412
전기,2018,2018,여,4626,3623,1257,34.7,3231,2898,423,14.6,423
전기,2019,2019,전체,65872,49815,14512,29.1,35745,31476,12760,40.5,12760
전기,2019,2019,여,5301,4197,1548,36.9,3493,3124,1362,43.6,1362
전기공사,1975,2019,전체,594746,419383,137863,32.9,302567,247225,78261,31.7,82823
전기공사,1975,2014,전체,523090,368571,118507,32.2,272333,221908,68848,31,73410
전기공사,2015,2015,전체,13098,8969,2781,31,5538,4680,1505,32.2,1505
전기공사,2015,2015,여,784,551,175,31.8,303,257,64,24.9,64
전기공사,2016,2016,전체,13648,9407,3383,36,5151,4357,1920,44.1,1920
전기공사,2016,2016,여,935,686,251,36.6,361,304,127,41.8,127
전기공사,2017,2017,전체,14798,10743,4503,41.9,6236,5287,1974,37.3,1974
전기공사,2017,2017,여,1044,771,313,40.6,385,321,103,32.1,103
전기공사,2018,2018,전체,13103,9430,3462,36.7,5713,4655,2162,46.4,2162
전기공사,2018,2018,여,1050,769,315,41,446,364,154,42.3,154
전기공사,2019,2019,전체,17009,12263,5227,42.6,7596,6338,1852,29.2,1852
전기공사,2019,2019,여,1455,1082,499,46.1,670,533,137,25.7,137
철도신호,1975,2019,전체,9359,6780,1679,24.8,2679,2605,1412,54.2,1415
철도신호,1975,2014,전체,7635,5519,1313,23.8,2143,2076,1108,53.4,1111
철도신호,2015,2015,전체,280,192,34,17.7,69,68,31,45.6,31
철도신호,2015,2015,여,15,11,1,9.1,3,3,1,33.3,1
철도신호,2016,2016,전체,389,288,82,28.5,112,111,44,39.6,44
철도신호,2016,2016,여,35,30,6,20,9,9,2,22.2,2
철도신호,2017,2017,전체,440,321,103,32.1,163,162,92,56.8,92
철도신호,2017,2017,여,42,34,16,47.1,21,21,14,66.7,14
철도신호,2018,2018,전체,272,207,44,21.3,73,71,39,54.9,39
철도신호,2018,2018,여,25,20,4,20,9,9,7,77.8,7
철도신호,2019,2019,전체,343,253,103,40.7,119,117,98,83.8,98
철도신호,2019,2019,여,27,17,8,47.1,9,9,8,88.9,8
전기철도,1975,2019,전체,15169,10522,3391,32.2,5132,4515,2537,56.2,2580
전기철도,1975,2014,전체,14015,9650,3157,32.7,4854,4253,2379,55.9,2422
전기철도,2015,2015,전체,236,179,27,15.1,40,35,25,71.4,25
전기철도,2015,2015,여,6,6,1,16.7,0,0,0,0,0
전기철도,2016,2016,전체,263,200,54,27,65,64,35,54.7,35
전기철도,2016,2016,여,15,12,4,33.3,5,5,3,60,3
전기철도,2017,2017,전체,307,226,54,23.9,70,70,39,55.7,39
전기철도,2017,2017,여,11,7,3,42.9,4,4,4,100,4
전기철도,2018,2018,전체,167,119,43,36.1,45,43,36,83.7,36
전기철도,2018,2018,여,11,8,5,62.5,2,2,2,100,2
전기철도,2019,2019,전체,181,148,56,37.8,58,50,23,46,23
전기철도,2019,2019,여,8,6,2,33.3,3,3,0,0,0
전자분야,1975,2019,전체,87006,63648,22964,36.1,29522,25330,9524,37.6,13983
전자분야,1975,2014,전체,73735,54550,19301,35.4,24003,20394,7681,37.7,12140
전자분야,2015,2015,전체,2803,1952,759,38.9,1073,957,385,40.2,385
전자분야,2015,2015,여,425,333,130,39,200,180,66,36.7,66
전자분야,2016,2016,전체,2848,1972,799,40.5,1119,1007,408,40.5,408
전자분야,2016,2016,여,482,385,173,44.9,230,206,76,36.9,76
전자분야,2017,2017,전체,2664,1827,627,34.3,1064,966,337,34.9,337
전자분야,2017,2017,여,408,292,108,37,201,187,47,25.1,47
전자분야,2018,2018,전체,2385,1605,730,45.5,1086,955,324,33.9,324
전자분야,2018,2018,여,379,275,151,54.9,243,209,52,24.9,52
전자분야,2019,2019,전체,2571,1742,748,42.9,1177,1051,389,37,389
전자분야,2019,2019,여,423,323,150,46.4,271,247,84,34,84
임베디드,1975,2019,전체,1497,996,384,38.6,447,389,105,27,105
임베디드,1975,2014,전체,540,359,112,31.2,115,87,47,54,47
임베디드,2015,2015,전체,211,145,55,37.9,61,58,11,19,11
임베디드,2015,2015,여,18,8,1,12.5,1,1,0,0,0
임베디드,2016,2016,전체,232,150,53,35.3,69,65,4,6.2,4
임베디드,2016,2016,여,31,19,3,15.8,1,1,0,0,0
임베디드,2017,2017,전체,193,128,41,32,59,50,25,50,25
임베디드,2017,2017,여,27,11,1,9.1,1,0,0,0,0
임베디드,2018,2018,전체,166,113,68,60.2,68,60,17,28.3,17
임베디드,2018,2018,여,14,8,5,62.5,5,5,1,20,1
임베디드,2019,2019,전체,155,101,55,54.5,75,69,1,1.4,1
전자,1975,2019,전체,51632,35997,9639,26.8,9706,8695,4099,47.1,8460
전자,1975,2014,전체,45549,32522,8755,26.9,8535,7611,3457,45.4,7818
전자,2015,2015,전체,1287,758,201,26.5,278,260,173,66.5,173
전자,2015,2015,여,122,84,22,26.2,24,23,19,82.6,19
전자,2016,2016,전체,1299,762,197,25.9,240,224,139,62.1,139
전자,2016,2016,여,140,98,25,25.5,30,29,19,65.5,19
전자,2017,2017,전체,1196,679,160,23.6,238,226,122,54,122
전자,2017,2017,여,137,78,25,32.1,32,31,17,54.8,17
전자,2018,2018,전체,1082,575,141,24.5,213,198,100,50.5,100
전자,2018,2018,여,122,72,19,26.4,36,31,16,51.6,16
전자,2019,2019,전체,1219,701,185,26.4,202,176,108,61.4,108
전자,2019,2019,여,143,92,27,29.3,29,27,17,63,17
반도체설계,1975,2019,전체,1243,845,288,34.1,336,249,104,41.8,104
반도체설계,1975,2014,전체,1089,744,230,30.9,267,194,85,43.8,85
반도체설계,2015,2015,전체,32,23,13,56.5,18,13,5,38.5,5
반도체설계,2015,2015,여,3,3,2,66.7,2,1,0,0,0
반도체설계,2016,2016,전체,24,18,15,83.3,14,13,3,23.1,3
반도체설계,2016,2016,여,1,0,0,0,1,1,0,0,0
반도체설계,2017,2017,전체,27,17,5,29.4,8,4,1,25,1
반도체설계,2017,2017,여,3,2,0,0,0,0,0,0,0
반도체설계,2018,2018,전체,45,29,14,48.3,17,14,4,28.6,4
반도체설계,2018,2018,여,2,1,1,100,1,1,1,100,1
반도체설계,2019,2019,전체,26,14,11,78.6,12,11,6,54.5,6
반도체설계,2019,2019,여,2,1,0,0,0,0,0,0,0
의공,1975,2019,전체,9040,7575,3996,52.8,7139,6012,1458,24.3,1458
의공,1975,2014,전체,5099,4250,2246,52.8,3970,3239,752,23.2,752
의공,2015,2015,전체,844,711,361,50.8,567,492,139,28.3,139
의공,2015,2015,여,232,196,90,45.9,156,138,37,26.8,37
의공,2016,2016,전체,873,741,397,53.6,625,549,160,29.1,160
의공,2016,2016,여,253,219,127,58,179,156,47,30.1,47
의공,2017,2017,전체,775,646,272,42.1,588,523,93,17.8,93
의공,2017,2017,여,191,165,68,41.2,154,142,20,14.1,20
의공,2018,2018,전체,760,645,401,62.2,679,581,121,20.8,121
의공,2018,2018,여,199,162,111,68.5,187,159,24,15.1,24
의공,2019,2019,전체,689,582,319,54.8,710,628,193,30.7,193
의공,2019,2019,여,198,173,100,57.8,217,197,58,29.4,58
로봇기구개발,1975,2019,전체,20,16,3,18.8,0,0,0,0,0
로봇기구개발,2019,2019,전체,20,16,3,18.8,0,0,0,0,0
로봇기구개발,2019,2019,여,2,1,0,0,0,0,0,0,0
로봇소프트웨어개발,1975,2019,전체,12,7,2,28.6,0,0,0,0,0
로봇소프트웨어개발,2019,2019,전체,12,7,2,28.6,0,0,0,0,0
로봇소프트웨어개발,2019,2019,여,1,1,0,0,0,0,0,0,0
로봇하드웨어개발,1975,2019,전체,10,9,1,11.1,0,0,0,0,0
로봇하드웨어개발,2019,2019,전체,10,9,1,11.1,0,0,0,0,0
로봇하드웨어개발,2019,2019,여,2,2,0,0,0,0,0,0,0
전자계산기,1975,2019,전체,19321,14961,7841,52.4,10996,9118,3277,35.9,3278
전자계산기,1975,2014,전체,17810,13945,7382,52.9,10450,8622,3027,35.1,3028
전자계산기,2015,2015,전체,304,203,91,44.8,114,100,40,40,40
전자계산기,2015,2015,여,20,14,4,28.6,6,6,2,33.3,2
전자계산기,2016,2016,전체,306,200,83,41.5,112,101,73,72.3,73
전자계산기,2016,2016,여,24,17,6,35.3,8,8,6,75,6
전자계산기,2017,2017,전체,362,261,106,40.6,126,119,61,51.3,61
전자계산기,2017,2017,여,34,23,9,39.1,9,9,6,66.7,6
전자계산기,2018,2018,전체,215,141,66,46.8,73,66,48,72.7,48
전자계산기,2018,2018,여,21,13,7,53.8,8,7,4,57.1,4
전자계산기,2019,2019,전체,324,211,113,53.6,121,110,28,25.5,28
전자계산기,2019,2019,여,38,24,14,58.3,13,12,0,0,0
광학,1975,2019,전체,1967,1721,606,35.2,679,662,433,65.4,433
광학,1975,2014,전체,1384,1209,372,30.8,447,436,265,60.8,265
광학,2015,2015,전체,125,112,38,33.9,35,34,17,50,17
광학,2015,2015,여,30,28,11,39.3,11,11,8,72.7,8
광학,2016,2016,전체,114,101,54,53.5,59,55,29,52.7,29
광학,2016,2016,여,33,32,12,37.5,11,11,4,36.4,4
광학,2017,2017,전체,111,96,43,44.8,45,44,35,79.5,35
광학,2017,2017,여,16,13,5,38.5,5,5,4,80,4
광학,2018,2018,전체,117,102,40,39.2,36,36,34,94.4,34
광학,2018,2018,여,21,19,8,42.1,6,6,6,100,6
광학,2019,2019,전체,116,101,59,58.4,57,57,53,93,53
광학,2019,2019,여,22,21,8,38.1,9,9,9,100,9
정보기술분야,1975,2019,전체,2554926,1825688,864102,47.3,1438629,1181315,630940,53.4,634243
정보기술분야,1975,2014,전체,2128838,1530643,722477,47.2,1186406,978674,535155,54.7,538458
정보기술분야,2015,2015,전체,86204,59388,29509,49.7,52046,43479,22777,52.4,22777
정보기술분야,2015,2015,여,21355,15546,8487,54.6,14708,12417,6879,55.4,6879
정보기술분야,2016,2016,전체,92519,63970,28875,45.1,47566,40152,23848,59.4,23848
정보기술분야,2016,2016,여,23166,16927,8392,49.6,13484,11567,7285,63,7285
정보기술분야,2017,2017,전체,81398,56181,23410,41.7,41972,32580,8264,25.4,8264
정보기술분야,2017,2017,여,20325,14697,6618,45,11787,9359,2218,23.7,2218
정보기술분야,2018,2018,전체,78225,53576,25892,48.3,49150,37994,17717,46.6,17717
정보기술분야,2018,2018,여,20495,14709,7719,52.5,14565,11525,5526,47.9,5526
정보기술분야,2019,2019,전체,87742,61930,33939,54.8,61489,48436,23179,47.9,23179
정보기술분야,2019,2019,여,25016,18644,10883,58.4,19298,15668,7881,50.3,7881
정보처리,1975,2019,전체,2424726,1733960,828779,47.8,1376686,1133607,621250,54.8,624551
정보처리,1975,2014,전체,2063682,1483698,702575,47.4,1155757,954677,529181,55.4,532482
정보처리,2015,2015,전체,74939,51615,26511,51.4,46248,39168,22024,56.2,22024
정보처리,2015,2015,여,19691,14426,8128,56.3,14065,11948,6810,57,6810
정보처리,2016,2016,전체,78283,54325,26040,47.9,41854,35696,23371,65.5,23371
정보처리,2016,2016,여,20934,15390,8004,52,12746,10985,7218,65.7,7218
정보처리,2017,2017,전체,68177,46812,19937,42.6,34831,27202,7452,27.4,7452
정보처리,2017,2017,여,18058,13060,6021,46.1,10679,8533,2107,24.7,2107
정보처리,2018,2018,전체,65618,44665,22976,51.4,42647,33101,16727,50.5,16727
정보처리,2018,2018,여,18196,13094,7198,55,13493,10729,5372,50.1,5372
정보처리,2019,2019,전체,74027,52845,30740,58.2,55349,43763,22495,51.4,22495
정보처리,2019,2019,여,22386,16884,10271,60.8,18225,14864,7758,52.2,7758
전자계산기조직응용,1975,2019,전체,43898,32875,17366,52.8,24953,19858,6474,32.6,6476
전자계산기조직응용,1975,2014,전체,40252,30088,15670,52.1,23091,18252,5449,29.9,5451
전자계산기조직응용,2015,2015,전체,807,644,447,69.4,550,458,265,57.9,265
전자계산기조직응용,2015,2015,여,100,89,71,79.8,86,68,35,51.5,35
전자계산기조직응용,2016,2016,전체,722,543,325,59.9,348,312,171,54.8,171
전자계산기조직응용,2016,2016,여,92,72,52,72.2,56,54,36,66.7,36
전자계산기조직응용,2017,2017,전체,686,540,268,49.6,306,256,181,70.7,181
전자계산기조직응용,2017,2017,여,106,85,56,65.9,50,41,29,70.7,29
전자계산기조직응용,2018,2018,전체,634,468,268,57.3,274,243,185,76.1,185
전자계산기조직응용,2018,2018,여,99,82,58,70.7,52,46,38,82.6,38
전자계산기조직응용,2019,2019,전체,797,592,388,65.5,384,337,223,66.2,223
전자계산기조직응용,2019,2019,여,137,116,86,74.1,79,73,49,67.1,49
정보보안,1975,2019,전체,86302,58853,17957,30.5,36990,27850,3216,11.5,3216
정보보안,1975,2014,전체,24904,16857,4232,25.1,7558,5745,525,9.1,525
정보보안,2015,2015,전체,10458,7129,2551,35.8,5248,3853,488,12.7,488
정보보안,2015,2015,여,1564,1031,288,27.9,557,401,34,8.5,34
정보보안,2016,2016,전체,13514,9102,2510,27.6,5364,4144,306,7.4,306
정보보안,2016,2016,여,2140,1465,336,22.9,682,528,31,5.9,31
정보보안,2017,2017,전체,12535,8829,3205,36.3,6835,5122,631,12.3,631
정보보안,2017,2017,여,2161,1552,541,34.9,1058,785,82,10.4,82
정보보안,2018,2018,전체,11973,8443,2648,31.4,6229,4650,805,17.3,805
정보보안,2018,2018,여,2200,1533,463,30.2,1020,750,116,15.5,116
정보보안,2019,2019,전체,12918,8493,2811,33.1,5756,4336,461,10.6,461
정보보안,2019,2019,여,2493,1644,526,32,994,731,74,10.1,74
방송.무선분야,1975,2019,전체,240022,175798,54542,31,79925,71188,37460,52.6,38073
방송.무선분야,1975,2014,전체,225920,164612,49158,29.9,73486,65024,32592,50.1,33205
방송.무선분야,2015,2015,전체,2572,2028,877,43.2,1160,1093,839,76.8,839
방송.무선분야,2015,2015,여,384,320,149,46.6,193,188,152,80.9,152
방송.무선분야,2016,2016,전체,2983,2365,1227,51.9,1400,1350,1130,83.7,1130
방송.무선분야,2016,2016,여,530,442,234,52.9,246,236,212,89.8,212
방송.무선분야,2017,2017,전체,3013,2395,992,41.4,1241,1187,880,74.1,880
방송.무선분야,2017,2017,여,516,422,192,45.5,229,220,170,77.3,170
방송.무선분야,2018,2018,전체,2681,2109,1147,54.4,1326,1281,1035,80.8,1035
방송.무선분야,2018,2018,여,504,414,241,58.2,291,280,233,83.2,233
방송.무선분야,2019,2019,전체,2853,2289,1141,49.8,1312,1253,984,78.5,984
방송.무선분야,2019,2019,여,599,495,265,53.5,286,282,241,85.5,241
방송통신,1975,2019,전체,3046,2224,1030,46.3,1222,1074,667,62.1,667
방송통신,1975,2014,전체,2119,1462,599,41,750,627,295,47,295
방송통신,2015,2015,전체,80,64,28,43.8,44,40,23,57.5,23
방송통신,2015,2015,여,5,5,1,20,3,3,3,100,3
방송통신,2016,2016,전체,132,110,54,49.1,56,51,48,94.1,48
방송통신,2016,2016,여,12,10,7,70,5,4,4,100,4
방송통신,2017,2017,전체,217,181,113,62.4,114,110,95,86.4,95
방송통신,2017,2017,여,23,15,12,80,12,11,9,81.8,9
방송통신,2018,2018,전체,312,266,169,63.5,188,179,156,87.2,156
방송통신,2018,2018,여,37,34,23,67.6,24,21,20,95.2,20
방송통신,2019,2019,전체,186,141,67,47.5,70,67,50,74.6,50
방송통신,2019,2019,여,23,19,13,68.4,13,12,10,83.3,10
무선설비,1975,2019,전체,190900,139975,46722,33.4,67224,59967,35403,59,37406
무선설비,1975,2014,전체,177725,129551,41769,32.2,61257,54250,30907,57,32910
무선설비,2015,2015,전체,2492,1964,849,43.2,1116,1053,816,77.5,816
무선설비,2015,2015,여,379,315,148,47,190,185,149,80.5,149
무선설비,2016,2016,전체,2851,2255,1173,52,1344,1299,1082,83.3,1082
무선설비,2016,2016,여,518,432,227,52.5,241,232,208,89.7,208
무선설비,2017,2017,전체,2796,2214,879,39.7,1127,1077,785,72.9,785
무선설비,2017,2017,여,493,407,180,44.2,217,209,161,77,161
무선설비,2018,2018,전체,2369,1843,978,53.1,1138,1102,879,79.8,879
무선설비,2018,2018,여,467,380,218,57.4,267,259,213,82.2,213
무선설비,2019,2019,전체,2667,2148,1074,50,1242,1186,934,78.8,934
무선설비,2019,2019,여,576,476,252,52.9,273,270,231,85.6,231
통신분야,1975,2019,전체,214818,152613,52654,34.5,90274,74196,24090,32.5,19317
통신분야,1975,2014,전체,198951,140804,46493,33,79380,65291,20221,31,15448
통신분야,2015,2015,전체,2353,1678,867,51.7,1734,1412,405,28.7,405
통신분야,2015,2015,여,293,212,127,59.9,250,205,57,27.8,57
통신분야,2016,2016,전체,2964,2216,1099,49.6,1892,1500,462,30.8,462
통신분야,2016,2016,여,449,351,198,56.4,301,257,81,31.5,81
통신분야,2017,2017,전체,3079,2257,1157,51.3,2181,1762,813,46.1,813
통신분야,2017,2017,여,506,378,216,57.1,385,325,147,45.2,147
통신분야,2018,2018,전체,3304,2449,1480,60.4,2276,1876,1107,59,1107
통신분야,2018,2018,여,549,426,278,65.3,439,362,221,61,221
통신분야,2019,2019,전체,4167,3209,1558,48.6,2811,2355,1082,45.9,1082
통신분야,2019,2019,여,866,667,340,51,568,487,219,45,219
정보통신,1975,2019,전체,206497,146451,50891,34.7,88073,72190,22736,31.5,17508
정보통신,1975,2014,전체,191714,135478,45152,33.3,77615,63712,19201,30.1,13973
정보통신,2015,2015,전체,2208,1560,823,52.8,1692,1371,366,26.7,366
정보통신,2015,2015,여,287,206,125,60.7,248,203,55,27.1,55
정보통신,2016,2016,전체,2770,2067,1035,50.1,1839,1448,419,28.9,419
정보통신,2016,2016,여,436,339,192,56.6,296,252,79,31.3,79
정보통신,2017,2017,전체,2823,2066,1053,51,2074,1656,726,43.8,726
정보통신,2017,2017,여,487,362,202,55.8,370,310,135,43.5,135
정보통신,2018,2018,전체,3065,2281,1386,60.8,2166,1771,1039,58.7,1039
정보통신,2018,2018,여,531,412,269,65.3,429,352,214,60.8,214
정보통신,2019,2019,전체,3917,2999,1442,48.1,2687,2232,985,44.1,985
정보통신,2019,2019,여,847,648,325,50.2,554,473,207,43.8,207
전파전자통신,1975,2019,전체,1413,1091,497,45.6,516,503,407,80.9,407
전파전자통신,1975,2014,전체,329,255,75,29.4,80,76,73,96.1,73
전파전자통신,2015,2015,전체,145,118,44,37.3,42,41,39,95.1,39
전파전자통신,2015,2015,여,6,6,2,33.3,2,2,2,100,2
전파전자통신,2016,2016,전체,194,149,64,43,53,52,43,82.7,43
전파전자통신,2016,2016,여,13,12,6,50,5,5,2,40,2
전파전자통신,2017,2017,전체,256,191,104,54.5,107,106,87,82.1,87
전파전자통신,2017,2017,여,19,16,14,87.5,15,15,12,80,12
전파전자통신,2018,2018,전체,239,168,94,56,110,105,68,64.8,68
전파전자통신,2018,2018,여,18,14,9,64.3,10,10,7,70,7
전파전자통신,2019,2019,전체,250,210,116,55.2,124,123,97,78.9,97
전파전자통신,2019,2019,여,19,19,15,78.9,14,14,12,85.7,12
식품분야,1975,2019,전체,139230,109924,38937,35.4,62954,57291,20332,35.5,23161
식품분야,1975,2014,전체,97190,75818,24530,32.4,37509,33250,12211,36.7,15040
식품분야,2015,2015,전체,8159,6591,2527,38.3,4379,4152,1750,42.1,1750
식품분야,2015,2015,여,5622,4592,1874,40.8,3202,3057,1266,41.4,1266
식품분야,2016,2016,전체,7958,6384,2807,44,5098,4839,1159,24,1159
식품분야,2016,2016,여,5558,4472,1999,44.7,3679,3489,825,23.6,825
식품분야,2017,2017,전체,8434,6901,2417,35,5038,4745,1016,21.4,1016
식품분야,2017,2017,여,5938,4898,1689,34.5,3551,3342,703,21,703
식품분야,2018,2018,전체,8465,6820,3112,45.6,5062,4748,2178,45.9,2178
식품분야,2018,2018,여,5684,4609,2087,45.3,3480,3271,1494,45.7,1494
식품분야,2019,2019,전체,9024,7410,3544,47.8,5868,5557,2018,36.3,2018
식품분야,2019,2019,여,6069,5051,2475,49,4085,3890,1396,35.9,1396
식품,1975,2019,전체,134298,105989,37141,35,61095,55660,19427,34.9,21702
식품,1975,2014,전체,92886,72392,23020,31.8,35862,31819,11402,35.8,13677
식품,2015,2015,전체,8105,6552,2509,38.3,4356,4131,1745,42.2,1745
식품,2015,2015,여,5592,4572,1863,40.7,3189,3044,1264,41.5,1264
식품,2016,2016,전체,7915,6351,2801,44.1,5078,4820,1155,24,1155
식품,2016,2016,여,5534,4454,1996,44.8,3668,3479,824,23.7,824
식품,2017,2017,전체,8394,6869,2396,34.9,5013,4721,1013,21.5,1013
식품,2017,2017,여,5916,4880,1675,34.3,3535,3326,702,21.1,702
식품,2018,2018,전체,8174,6580,2952,44.9,5045,4735,2174,45.9,2174
식품,2018,2018,여,5592,4528,2035,44.9,3470,3264,1492,45.7,1492
식품,2019,2019,전체,8824,7245,3463,47.8,5741,5434,1938,35.7,1938
식품,2019,2019,여,6011,5002,2449,49,4047,3854,1369,35.5,1369
수산제조,1975,2019,전체,4506,3582,1576,44,1747,1521,838,55.1,1392
수산제조,1975,2014,전체,4304,3426,1510,44.1,1647,1431,809,56.5,1363
수산제조,2015,2015,전체,54,39,18,46.2,23,21,5,23.8,5
수산제조,2015,2015,여,30,20,11,55,13,13,2,15.4,2
수산제조,2016,2016,전체,43,33,6,18.2,20,19,4,21.1,4
수산제조,2016,2016,여,24,18,3,16.7,11,10,1,10,1
수산제조,2017,2017,전체,40,32,21,65.6,25,24,3,12.5,3
수산제조,2017,2017,여,22,18,14,77.8,16,16,1,6.3,1
수산제조,2018,2018,전체,29,27,12,44.4,17,13,4,30.8,4
수산제조,2018,2018,여,14,13,6,46.2,10,7,2,28.6,2
수산제조,2019,2019,전체,36,25,9,36,15,13,13,100,13
수산제조,2019,2019,여,16,10,3,30,7,5,5,100,5
식육가공,1975,2019,전체,426,353,220,62.3,112,110,67,60.9,67
식육가공,2018,2018,전체,262,213,148,69.5,0,0,0,0,0
식육가공,2018,2018,여,78,68,46,67.6,0,0,0,0,0
식육가공,2019,2019,전체,164,140,72,51.4,112,110,67,60.9,67
식육가공,2019,2019,여,42,39,23,59,31,31,22,71,22
인쇄.사진분야,1975,2019,전체,3941,3405,1081,31.7,1227,1209,862,71.3,862
인쇄.사진분야,1975,2014,전체,3582,3085,969,31.4,1103,1085,757,69.8,757
인쇄.사진분야,2015,2015,전체,126,110,22,20,24,24,21,87.5,21
인쇄.사진분야,2015,2015,여,31,25,6,24,6,6,5,83.3,5
인쇄.사진분야,2016,2016,전체,66,57,31,54.4,33,33,29,87.9,29
인쇄.사진분야,2016,2016,여,14,12,9,75,10,10,10,100,10
인쇄.사진분야,2017,2017,전체,68,65,38,58.5,38,38,30,78.9,30
인쇄.사진분야,2017,2017,여,12,11,11,100,9,9,8,88.9,8
인쇄.사진분야,2018,2018,전체,61,55,10,18.2,16,16,12,75,12
인쇄.사진분야,2018,2018,여,11,11,0,0,0,0,0,0,0
인쇄.사진분야,2019,2019,전체,38,33,11,33.3,13,13,13,100,13
인쇄.사진분야,2019,2019,여,12,10,5,50,5,5,5,100,5
인쇄,1975,2019,전체,3167,2733,786,28.8,905,895,646,72.2,862
인쇄,1975,2014,전체,2808,2413,674,27.9,781,771,541,70.2,757
인쇄,2015,2015,전체,126,110,22,20,24,24,21,87.5,21
인쇄,2015,2015,여,31,25,6,24,6,6,5,83.3,5
인쇄,2016,2016,전체,66,57,31,54.4,33,33,29,87.9,29
인쇄,2016,2016,여,14,12,9,75,10,10,10,100,10
인쇄,2017,2017,전체,68,65,38,58.5,38,38,30,78.9,30
인쇄,2017,2017,여,12,11,11,100,9,9,8,88.9,8
인쇄,2018,2018,전체,61,55,10,18.2,16,16,12,75,12
인쇄,2018,2018,여,11,11,0,0,0,0,0,0,0
인쇄,2019,2019,전체,38,33,11,33.3,13,13,13,100,13
인쇄,2019,2019,여,12,10,5,50,5,5,5,100,5
농업분야,1975,2019,전체,78895,61575,25636,41.6,51613,43405,12083,27.8,12402
농업분야,1975,2014,전체,56540,44027,18038,41,36956,30495,8192,26.9,8511
농업분야,2015,2015,전체,3962,3160,1160,36.7,2424,2089,562,26.9,562
농업분야,2015,2015,여,2003,1672,650,38.9,1221,1083,388,35.8,388
농업분야,2016,2016,전체,4862,3801,1763,46.4,2645,2386,963,40.4,963
농업분야,2016,2016,여,2480,2035,998,49,1441,1329,581,43.7,581
농업분야,2017,2017,전체,4522,3565,1629,45.7,3187,2816,531,18.9,531
농업분야,2017,2017,여,2422,1969,949,48.2,1705,1546,330,21.3,330
농업분야,2018,2018,전체,4612,3565,1397,39.2,3068,2693,943,35,943
농업분야,2018,2018,여,2522,1997,827,41.4,1690,1538,600,39,600
농업분야,2019,2019,전체,4397,3457,1649,47.7,3333,2926,892,30.5,892
농업분야,2019,2019,여,2327,1878,927,49.4,1801,1615,549,34,549
종자,1975,2019,전체,44721,35150,12314,35,23296,20714,6638,32,6907
종자,1975,2014,전체,32982,25701,8391,32.6,16169,14023,4470,31.9,4739
종자,2015,2015,전체,2033,1639,554,33.8,853,808,355,43.9,355
종자,2015,2015,여,1043,878,303,34.5,461,437,212,48.5,212
종자,2016,2016,전체,2476,2001,919,45.9,1232,1191,448,37.6,448
종자,2016,2016,여,1323,1113,527,47.3,716,699,284,40.6,284
종자,2017,2017,전체,2308,1885,831,44.1,1606,1523,385,25.3,385
종자,2017,2017,여,1226,1032,455,44.1,883,839,233,27.8,233
종자,2018,2018,전체,2527,1997,724,36.3,1596,1486,544,36.6,544
종자,2018,2018,여,1365,1109,397,35.8,843,810,322,39.8,322
종자,2019,2019,전체,2395,1927,895,46.4,1840,1683,436,25.9,436
종자,2019,2019,여,1240,1018,477,46.9,968,901,247,27.4,247
화훼장식,1975,2019,전체,6071,5250,3633,69.2,5060,4671,1838,39.3,1838
화훼장식,1975,2014,전체,4281,3700,2538,68.6,3556,3268,1106,33.8,1106
화훼장식,2015,2015,전체,319,285,167,58.6,266,241,167,69.3,167
화훼장식,2015,2015,여,308,275,163,59.3,254,230,161,70,161
화훼장식,2016,2016,전체,365,325,267,82.2,288,270,134,49.6,134
화훼장식,2016,2016,여,333,297,245,82.5,271,253,128,50.6,128
화훼장식,2017,2017,전체,377,329,257,78.1,330,307,62,20.2,62
화훼장식,2017,2017,여,342,301,240,79.7,305,285,60,21.1,60
화훼장식,2018,2018,전체,368,301,200,66.4,334,315,172,54.6,172
화훼장식,2018,2018,여,344,287,192,66.9,314,297,164,55.2,164
화훼장식,2019,2019,전체,361,310,204,65.8,286,270,197,73,197
화훼장식,2019,2019,여,331,284,191,67.3,272,256,189,73.8,189
유기농업,1975,2019,전체,25741,19384,9191,47.4,22429,17319,3449,19.9,3455
유기농업,1975,2014,전체,17268,13101,6690,51.1,16494,12586,2498,19.8,2504
유기농업,2015,2015,전체,1554,1189,419,35.2,1283,1019,31,3,31
유기농업,2015,2015,여,642,510,182,35.7,501,411,14,3.4,14
유기농업,2016,2016,전체,1943,1423,556,39.1,1102,905,370,40.9,370
유기농업,2016,2016,여,809,614,222,36.2,451,374,166,44.4,166
유기농업,2017,2017,전체,1763,1293,529,40.9,1235,974,83,8.5,83
유기농업,2017,2017,여,840,627,251,40,514,419,37,8.8,37
유기농업,2018,2018,전체,1637,1206,454,37.6,1118,872,213,24.4,213
유기농업,2018,2018,여,788,580,230,39.7,526,424,108,25.5,108
유기농업,2019,2019,전체,1576,1172,543,46.3,1197,963,254,26.4,254
유기농업,2019,2019,여,736,560,258,46.1,560,457,112,24.5,112
시설원예,1975,2019,전체,1906,1464,453,30.9,772,649,134,20.6,134
시설원예,1975,2014,전체,1553,1198,374,31.2,681,566,94,16.6,94
시설원예,2015,2015,전체,56,47,20,42.6,22,21,9,42.9,9
시설원예,2015,2015,여,10,9,2,22.2,5,5,1,20,1
시설원예,2016,2016,전체,78,52,21,40.4,23,20,11,55,11
시설원예,2016,2016,여,15,11,4,36.4,3,3,3,100,3
시설원예,2017,2017,전체,74,58,12,20.7,16,12,1,8.3,1
시설원예,2017,2017,여,14,9,3,33.3,3,3,0,0,0
시설원예,2018,2018,전체,80,61,19,31.1,20,20,14,70,14
시설원예,2018,2018,여,25,21,8,38.1,7,7,6,85.7,6
시설원예,2019,2019,전체,65,48,7,14.6,10,10,5,50,5
시설원예,2019,2019,여,20,16,1,6.3,1,1,1,100,1
축산분야,1975,2019,전체,29566,23966,8698,36.3,12052,10942,6531,59.7,6531
축산분야,1975,2014,전체,20637,16708,5624,33.7,8111,7166,3869,54,3869
축산분야,2015,2015,전체,1436,1165,434,37.3,557,526,347,66,347
축산분야,2015,2015,여,418,354,154,43.5,208,196,126,64.3,126
축산분야,2016,2016,전체,1802,1450,568,39.2,706,680,502,73.8,502
축산분야,2016,2016,여,572,479,218,45.5,272,262,207,79,207
축산분야,2017,2017,전체,1784,1475,687,46.6,880,848,599,70.6,599
축산분야,2017,2017,여,612,526,283,53.8,353,342,251,73.4,251
축산분야,2018,2018,전체,1660,1378,532,38.6,758,728,430,59.1,430
축산분야,2018,2018,여,568,491,200,40.7,258,252,168,66.7,168
축산분야,2019,2019,전체,2247,1790,853,47.7,1040,994,784,78.9,784
축산분야,2019,2019,여,762,635,324,51,376,366,300,82,300
축산,1975,2019,전체,29566,23966,8698,36.3,12052,10942,6531,59.7,6531
축산,1975,2014,전체,20637,16708,5624,33.7,8111,7166,3869,54,3869
축산,2015,2015,전체,1436,1165,434,37.3,557,526,347,66,347
축산,2015,2015,여,418,354,154,43.5,208,196,126,64.3,126
축산,2016,2016,전체,1802,1450,568,39.2,706,680,502,73.8,502
축산,2016,2016,여,572,479,218,45.5,272,262,207,79,207
축산,2017,2017,전체,1784,1475,687,46.6,880,848,599,70.6,599
축산,2017,2017,여,612,526,283,53.8,353,342,251,73.4,251
축산,2018,2018,전체,1660,1378,532,38.6,758,728,430,59.1,430
축산,2018,2018,여,568,491,200,40.7,258,252,168,66.7,168
축산,2019,2019,전체,2247,1790,853,47.7,1040,994,784,78.9,784
축산,2019,2019,여,762,635,324,51,376,366,300,82,300
임업분야,1975,2019,전체,155031,117436,37941,32.3,72999,65048,27300,42,27542
임업분야,1975,2014,전체,96564,72947,22608,31,45407,39985,15112,37.8,15354
임업분야,2015,2015,전체,11508,8767,1979,22.6,4494,4051,1846,45.6,1846
임업분야,2015,2015,여,3578,2845,676,23.8,1434,1306,643,49.2,643
임업분야,2016,2016,전체,11768,8845,2864,32.4,4992,4563,1701,37.3,1701
임업분야,2016,2016,여,3642,2862,1014,35.4,1706,1594,659,41.3,659
임업분야,2017,2017,전체,11240,8408,3506,41.7,6319,5746,2508,43.6,2508
임업분야,2017,2017,여,3741,2919,1288,44.1,2163,2013,955,47.4,955
임업분야,2018,2018,전체,11509,8806,3111,35.3,5746,5170,2967,57.4,2967
임업분야,2018,2018,여,4038,3210,1188,37,2067,1882,1121,59.6,1121
임업분야,2019,2019,전체,12442,9663,3873,40.1,6041,5533,3166,57.2,3166
임업분야,2019,2019,여,4638,3748,1548,41.3,2333,2186,1296,59.3,1296
식물보호,1975,2019,전체,68088,50831,17255,33.9,31609,28274,11961,42.3,11963
식물보호,1975,2014,전체,42135,30953,9952,32.2,18892,16729,6392,38.2,6394
식물보호,2015,2015,전체,4740,3589,835,23.3,1960,1749,753,43.1,753
식물보호,2015,2015,여,1837,1437,337,23.5,744,662,306,46.2,306
식물보호,2016,2016,전체,4852,3597,1244,34.6,2178,2004,855,42.7,855
식물보호,2016,2016,여,1870,1454,544,37.4,917,851,386,45.4,386
식물보호,2017,2017,전체,5187,3957,1709,43.2,2747,2502,1006,40.2,1006
식물보호,2017,2017,여,2156,1700,776,45.6,1201,1111,483,43.5,483
식물보호,2018,2018,전체,5271,4130,1527,37,2860,2578,1344,52.1,1344
식물보호,2018,2018,여,2309,1857,711,38.3,1291,1167,649,55.6,649
식물보호,2019,2019,전체,5903,4605,1988,43.2,2972,2712,1611,59.4,1611
식물보호,2019,2019,여,2633,2116,913,43.1,1353,1249,760,60.8,760
산림,1975,2019,전체,72778,55324,17164,31,36307,32116,12962,40.4,14497
산림,1975,2014,전체,41596,31877,9753,30.6,22161,19305,6827,35.4,8362
산림,2015,2015,전체,6445,4881,958,19.6,2316,2089,937,44.9,937
산림,2015,2015,여,1648,1320,270,20.5,619,574,289,50.3,289
산림,2016,2016,전체,6651,5026,1515,30.1,2673,2420,748,30.9,748
산림,2016,2016,여,1702,1341,435,32.4,747,701,241,34.4,241
산림,2017,2017,전체,5782,4213,1686,40,3439,3118,1406,45.1,1406
산림,2017,2017,여,1511,1148,474,41.3,916,856,436,50.9,436
산림,2018,2018,전체,5976,4451,1458,32.8,2752,2463,1527,62,1527
산림,2018,2018,여,1665,1294,434,33.5,726,669,435,65,435
산림,2019,2019,전체,6328,4876,1794,36.8,2966,2721,1517,55.8,1517
산림,2019,2019,여,1944,1579,603,38.2,941,898,522,58.1,522
임업종묘,1975,2019,전체,2399,1856,443,23.9,442,414,266,64.3,377
임업종묘,1975,2014,전체,2058,1591,370,23.3,372,348,205,58.9,316
임업종묘,2015,2015,전체,59,52,15,28.8,18,17,14,82.4,14
임업종묘,2015,2015,여,9,8,2,25,2,2,1,50,1
임업종묘,2016,2016,전체,57,43,16,37.2,13,13,12,92.3,12
임업종묘,2016,2016,여,12,10,3,30,2,2,2,100,2
임업종묘,2017,2017,전체,59,46,13,28.3,15,13,12,92.3,12
임업종묘,2017,2017,여,9,6,3,50,3,3,3,100,3
임업종묘,2018,2018,전체,89,64,15,23.4,12,11,11,100,11
임업종묘,2018,2018,여,8,4,1,25,0,0,0,0,0
임업종묘,2019,2019,전체,77,60,14,23.3,12,12,12,100,12
임업종묘,2019,2019,여,13,9,2,22.2,2,2,2,100,2
임산가공,1975,2019,전체,2345,2015,840,41.7,899,878,576,65.6,705
임산가공,1975,2014,전체,1354,1116,294,26.3,240,237,153,64.6,282
임산가공,2015,2015,전체,264,245,171,69.8,200,196,142,72.4,142
임산가공,2015,2015,여,84,80,67,83.8,69,68,47,69.1,47
임산가공,2016,2016,전체,208,179,89,49.7,128,126,86,68.3,86
임산가공,2016,2016,여,58,57,32,56.1,40,40,30,75,30
임산가공,2017,2017,전체,212,192,98,51,118,113,84,74.3,84
임산가공,2017,2017,여,65,65,35,53.8,43,43,33,76.7,33
임산가공,2018,2018,전체,173,161,111,68.9,122,118,85,72,85
임산가공,2018,2018,여,56,55,42,76.4,50,46,37,80.4,37
임산가공,2019,2019,전체,134,122,77,63.1,91,88,26,29.5,26
임산가공,2019,2019,여,48,44,30,68.2,37,37,12,32.4,12
어업분야,1975,2019,전체,20030,16558,5924,35.8,9460,8147,3066,37.6,2974
어업분야,1975,2014,전체,15019,12453,4244,34.1,6556,5717,2207,38.6,2115
어업분야,2015,2015,전체,855,690,201,29.1,322,283,86,30.4,86
어업분야,2015,2015,여,408,338,98,29,153,137,31,22.6,31
어업분야,2016,2016,전체,962,781,312,39.9,537,449,121,26.9,121
어업분야,2016,2016,여,401,334,142,42.5,266,224,61,27.2,61
어업분야,2017,2017,전체,1031,861,342,39.7,597,494,234,47.4,234
어업분야,2017,2017,여,432,379,165,43.5,282,236,109,46.2,109
어업분야,2018,2018,전체,1100,906,432,47.7,643,534,197,36.9,197
어업분야,2018,2018,여,478,396,208,52.5,325,274,111,40.5,111
어업분야,2019,2019,전체,1063,867,393,45.3,805,670,221,33,221
어업분야,2019,2019,여,450,379,188,49.6,368,313,102,32.6,102
수산양식,1975,2019,전체,14609,11987,3800,31.7,6649,5575,1822,32.7,2181
수산양식,1975,2014,전체,10069,8271,2314,28,3990,3369,1045,31,1404
수산양식,2015,2015,전체,758,611,180,29.5,296,260,73,28.1,73
수산양식,2015,2015,여,357,295,85,28.8,136,120,22,18.3,22
수산양식,2016,2016,전체,858,699,275,39.3,494,412,121,29.4,121
수산양식,2016,2016,여,357,302,122,40.4,240,200,61,30.5,61
수산양식,2017,2017,전체,908,755,260,34.4,501,404,176,43.6,176
수산양식,2017,2017,여,381,333,123,36.9,233,189,79,41.8,79
수산양식,2018,2018,전체,1018,838,405,48.3,603,496,195,39.3,195
수산양식,2018,2018,여,451,374,200,53.5,308,258,109,42.2,109
수산양식,2019,2019,전체,998,813,366,45,765,634,212,33.4,212
수산양식,2019,2019,여,420,355,174,49,351,296,97,32.8,97
어업생산관리,1975,2019,전체,730,592,277,46.8,341,303,106,35,375
어업생산관리,1975,2014,전체,259,203,83,40.9,96,79,24,30.4,293
어업생산관리,2015,2015,전체,97,79,21,26.6,26,23,13,56.5,13
어업생산관리,2015,2015,여,51,43,13,30.2,17,17,9,52.9,9
어업생산관리,2016,2016,전체,104,82,37,45.1,43,37,0,0,0
어업생산관리,2016,2016,여,44,32,20,62.5,26,24,0,0,0
어업생산관리,2017,2017,전체,123,106,82,77.4,96,90,58,64.4,58
어업생산관리,2017,2017,여,51,46,42,91.3,49,47,30,63.8,30
어업생산관리,2018,2018,전체,82,68,27,39.7,40,38,2,5.3,2
어업생산관리,2018,2018,여,27,22,8,36.4,17,16,2,12.5,2
어업생산관리,2019,2019,전체,65,54,27,50,40,36,9,25,9
어업생산관리,2019,2019,여,30,24,14,58.3,17,17,5,29.4,5
안전관리분야,1975,2019,전체,2264205,1593580,631115,39.6,1231834,971047,330277,34,318991
안전관리분야,1975,2014,전체,1709714,1196093,464526,38.8,944655,727476,222518,30.6,211247
안전관리분야,2015,2015,전체,85782,59965,23596,39.3,43819,36198,16297,45,16297
안전관리분야,2015,2015,여,8259,6143,2620,42.7,4744,4059,1891,46.6,1891
안전관리분야,2016,2016,전체,96677,68527,29426,42.9,49979,42025,15990,38,15990
안전관리분야,2016,2016,여,10014,7544,3404,45.1,5440,4722,1814,38.4,1813
안전관리분야,2017,2017,전체,108857,78225,30193,38.6,58138,49428,22784,46.1,22784
안전관리분야,2017,2017,여,11644,8803,3735,42.4,6931,5975,2616,43.8,2616
안전관리분야,2018,2018,전체,120573,87487,33097,37.8,56419,48014,22717,47.3,22717
안전관리분야,2018,2018,여,13061,9803,4116,42,7003,6039,2605,43.1,2605
안전관리분야,2019,2019,전체,142602,103283,50277,48.7,78824,67906,29971,44.1,29956
안전관리분야,2019,2019,여,15591,11667,5743,49.2,9275,8059,3480,43.2,3480
산업안전,1975,2019,전체,568467,401904,136840,34,237536,199476,76959,38.6,83211
산업안전,1975,2014,전체,387497,272208,81697,30,152165,125171,39449,31.5,45701
산업안전,2015,2015,전체,29776,20981,7508,35.8,11148,9692,5377,55.5,5377
산업안전,2015,2015,여,2640,2012,815,40.5,1138,1033,574,55.6,574
산업안전,2016,2016,전체,32528,23322,9780,41.9,13850,12135,6882,56.7,6882
산업안전,2016,2016,여,3376,2601,1159,44.6,1537,1375,715,52,714
산업안전,2017,2017,전체,34958,25088,11138,44.4,18378,16019,7886,49.2,7886
산업안전,2017,2017,여,3644,2756,1313,47.6,2106,1878,872,46.4,872
산업안전,2018,2018,전체,37877,27018,11641,43.1,18285,15755,7600,48.2,7600
산업안전,2018,2018,여,3901,2901,1369,47.2,2190,1926,891,46.3,891
산업안전,2019,2019,전체,45831,33287,15076,45.3,23710,20704,9765,47.2,9765
산업안전,2019,2019,여,5031,3810,1849,48.5,2736,2420,1111,45.9,1111
건설안전,1975,2019,전체,368749,247583,95722,38.7,171562,133605,56285,42.1,58018
건설안전,1975,2014,전체,294271,196369,73823,37.6,137932,105018,40285,38.4,42018
건설안전,2015,2015,전체,13660,9315,3723,40,5844,4809,2380,49.5,2380
건설안전,2015,2015,여,1483,1063,462,43.5,718,589,259,44,259
건설안전,2016,2016,전체,13181,8931,3956,44.3,5883,4941,2692,54.5,2692
건설안전,2016,2016,여,1427,1052,490,46.6,714,610,296,48.5,296
건설안전,2017,2017,전체,13786,9335,4026,43.1,6892,5869,3077,52.4,3077
건설안전,2017,2017,여,1553,1137,501,44.1,854,748,373,49.9,373
건설안전,2018,2018,전체,15018,10421,3806,36.5,6364,5384,3244,60.3,3244
건설안전,2018,2018,여,1638,1182,427,36.1,747,641,333,52,333
건설안전,2019,2019,전체,18833,13212,6388,48.3,8647,7584,4607,60.7,4607
건설안전,2019,2019,여,2104,1527,701,45.9,961,854,470,55,470
화재감식평가,1975,2019,전체,13442,10990,8720,79.3,12359,10457,3402,32.5,3402
화재감식평가,1975,2014,전체,5061,4228,3644,86.2,4412,3791,727,19.2,727
화재감식평가,2015,2015,전체,1168,963,766,79.5,1555,1309,342,26.1,342
화재감식평가,2015,2015,여,59,46,35,76.1,69,58,10,17.2,10
화재감식평가,2016,2016,전체,1413,1176,880,74.8,1181,1025,56,5.5,56
화재감식평가,2016,2016,여,99,72,42,58.3,62,53,1,1.9,1
화재감식평가,2017,2017,전체,1727,1359,938,69,1726,1445,474,32.8,474
화재감식평가,2017,2017,여,151,116,63,54.3,95,79,22,27.8,22
화재감식평가,2018,2018,전체,1606,1320,950,72,1684,1388,583,42,583
화재감식평가,2018,2018,여,161,128,81,63.3,130,111,42,37.8,42
화재감식평가,2019,2019,전체,2467,1944,1542,79.3,1801,1499,1220,81.4,1220
화재감식평가,2019,2019,여,273,215,161,74.9,179,142,112,78.9,112
농작업안전보건,1975,2019,전체,2652,2211,1878,84.9,1926,1611,271,16.8,271
농작업안전보건,2018,2018,전체,1798,1503,1268,84.4,0,0,0,0,0
농작업안전보건,2018,2018,여,431,351,291,82.9,0,0,0,0,0
농작업안전보건,2019,2019,전체,854,708,610,86.2,1926,1611,271,16.8,271
농작업안전보건,2019,2019,여,180,141,125,88.7,414,344,53,15.4,53
방재,1975,2019,전체,1715,1314,596,45.4,531,492,15,3,0
방재,2019,2019,전체,1715,1314,596,45.4,531,492,15,3,0
방재,2019,2019,여,185,134,43,32.1,35,30,0,0,0
가스,1975,2019,전체,101187,68613,17691,25.8,34868,29944,10049,33.6,10097
가스,1975,2014,전체,80493,54578,12787,23.4,24896,21536,7587,35.2,7635
가스,2015,2015,전체,3612,2401,716,29.8,1506,1260,169,13.4,169
가스,2015,2015,여,228,149,47,31.5,80,62,8,12.9,8
가스,2016,2016,전체,3773,2558,741,29,1793,1514,505,33.4,505
가스,2016,2016,여,262,196,56,28.6,105,86,31,36,31
가스,2017,2017,전체,4021,2740,1092,39.9,2064,1732,942,54.4,942
가스,2017,2017,여,311,212,84,39.6,143,121,67,55.4,67
가스,2018,2018,전체,4171,2853,1048,36.7,1801,1527,394,25.8,394
가스,2018,2018,여,336,225,76,33.8,131,117,17,14.5,17
가스,2019,2019,전체,5117,3483,1307,37.5,2808,2375,452,19,452
가스,2019,2019,여,428,299,113,37.8,200,164,24,14.6,24
산업위생관리,1975,2019,전체,66547,48508,20671,42.6,41299,34645,12633,36.5,12640
산업위생관리,1975,2014,전체,40404,30060,11830,39.4,23886,20096,6408,31.9,6415
산업위생관리,2015,2015,전체,4633,3163,1299,41.1,2840,2374,1191,50.2,1191
산업위생관리,2015,2015,여,1482,1130,558,49.4,1144,994,519,52.2,519
산업위생관리,2016,2016,전체,5129,3585,1772,49.4,2968,2518,894,35.5,894
산업위생관리,2016,2016,여,1839,1399,726,51.9,1204,1053,381,36.2,381
산업위생관리,2017,2017,전체,5427,3910,1916,49,3877,3216,1419,44.1,1419
산업위생관리,2017,2017,여,2162,1681,859,51.1,1715,1447,619,42.8,619
산업위생관리,2018,2018,전체,5269,3706,1766,47.7,3757,3114,1029,33,1029
산업위생관리,2018,2018,여,2228,1687,809,48,1767,1500,483,32.2,483
산업위생관리,2019,2019,전체,5685,4084,2088,51.1,3971,3327,1692,50.9,1692
산업위생관리,2019,2019,여,2483,1850,959,51.8,1883,1615,827,51.2,827
인간공학,1975,2019,전체,10721,8315,5538,66.6,8339,6263,1714,27.4,1714
인간공학,1975,2014,전체,6513,5059,3306,65.3,5139,3772,972,25.8,972
인간공학,2015,2015,전체,530,403,277,68.7,414,320,43,13.4,43
인간공학,2015,2015,여,139,107,74,69.2,116,86,16,18.6,16
인간공학,2016,2016,전체,546,428,284,66.4,500,396,74,18.7,74
인간공학,2016,2016,여,152,118,84,71.2,130,97,19,19.6,19
인간공학,2017,2017,전체,701,534,407,76.2,597,453,126,27.8,126
인간공학,2017,2017,여,202,151,117,77.5,166,129,33,25.6,33
인간공학,2018,2018,전체,1043,782,523,66.9,696,531,256,48.2,256
인간공학,2018,2018,여,264,206,142,68.9,178,137,69,50.4,69
인간공학,2019,2019,전체,1388,1109,741,66.8,993,791,243,30.7,243
인간공학,2019,2019,여,354,288,198,68.8,254,208,70,33.7,70
소방설비(기계분야),1975,2019,전체,391557,277787,110913,39.9,278679,209628,46396,22.1,53844
소방설비(기계분야),1975,2014,전체,298380,210134,86821,41.3,227105,165829,32961,19.9,40409
소방설비(기계분야),2015,2015,전체,12811,8924,3295,36.9,7880,6424,1393,21.7,1393
소방설비(기계분야),2015,2015,여,1007,743,263,35.4,632,536,132,24.6,132
소방설비(기계분야),2016,2016,전체,16100,11418,4168,36.5,9543,7936,2092,26.4,2092
소방설비(기계분야),2016,2016,여,1271,961,320,33.3,759,661,191,28.9,191
소방설비(기계분야),2017,2017,전체,18630,13524,3891,28.8,10050,8603,2981,34.7,2981
소방설비(기계분야),2017,2017,여,1540,1183,319,27,800,702,252,35.9,252
소방설비(기계분야),2018,2018,전체,21070,15757,4515,28.7,10196,8812,3349,38,3349
소방설비(기계분야),2018,2018,여,1661,1287,361,28,844,741,314,42.4,314
소방설비(기계분야),2019,2019,전체,24566,18030,8223,45.6,13905,12024,3620,30.1,3620
소방설비(기계분야),2019,2019,여,2008,1542,669,43.4,1114,994,286,28.8,286
소방설비(전기분야),1975,2019,전체,465294,331914,150572,45.4,302670,231762,89756,38.7,95794
소방설비(전기분야),1975,2014,전체,323221,229016,108644,47.4,227055,169099,61332,36.3,67370
소방설비(전기분야),2015,2015,전체,19592,13815,6012,43.5,12632,10010,5402,54,5402
소방설비(전기분야),2015,2015,여,1221,893,366,41,847,701,373,53.2,373
소방설비(전기분야),2016,2016,전체,24007,17109,7845,45.9,14261,11560,2795,24.2,2795
소방설비(전기분야),2016,2016,여,1588,1145,527,46,929,787,180,22.9,180
소방설비(전기분야),2017,2017,전체,29607,21735,6785,31.2,14554,12091,5879,48.6,5879
소방설비(전기분야),2017,2017,여,2081,1567,479,30.6,1052,871,378,43.4,378
소방설비(전기분야),2018,2018,전체,32721,24127,7580,31.4,13636,11503,6262,54.4,6262
소방설비(전기분야),2018,2018,여,2441,1836,560,30.5,1016,866,456,52.7,456
소방설비(전기분야),2019,2019,전체,36146,26112,13706,52.5,20532,17499,8086,46.2,8086
소방설비(전기분야),2019,2019,여,2545,1861,925,49.7,1499,1288,527,40.9,527
비파괴검사분야,1975,2019,전체,111125,76882,28132,36.6,49773,41977,16496,39.3,16651
비파괴검사분야,1975,2014,전체,79000,54454,19094,35.1,34204,28570,11085,38.8,11240
비파괴검사분야,2015,2015,전체,6751,4631,1880,40.6,3027,2653,909,34.3,909
비파괴검사분야,2015,2015,여,114,89,38,42.7,52,49,20,40.8,20
비파괴검사분야,2016,2016,전체,7184,5016,2405,47.9,3807,3340,1210,36.2,1210
비파괴검사분야,2016,2016,여,177,136,81,59.6,93,85,31,36.5,31
비파괴검사분야,2017,2017,전체,6556,4654,1592,34.2,3312,2843,1292,45.4,1292
비파괴검사분야,2017,2017,여,159,130,47,36.2,83,73,38,52.1,38
비파괴검사분야,2018,2018,전체,6117,4362,1664,38.1,2890,2448,960,39.2,960
비파괴검사분야,2018,2018,여,136,106,57,53.8,80,71,33,46.5,33
비파괴검사분야,2019,2019,전체,5517,3765,1497,39.8,2533,2123,1040,49,1040
비파괴검사분야,2019,2019,여,126,103,50,48.5,88,78,34,43.6,34
방사선비파괴검사,1975,2019,전체,36478,26592,8769,33,15065,13060,4585,35.1,3081
방사선비파괴검사,1975,2014,전체,31843,23264,7735,33.2,13271,11471,4029,35.1,2525
방사선비파괴검사,2015,2015,전체,985,731,270,36.9,392,346,87,25.1,87
방사선비파괴검사,2015,2015,여,24,20,8,40,9,9,1,11.1,1
방사선비파괴검사,2016,2016,전체,1067,793,394,49.7,579,525,164,31.2,164
방사선비파괴검사,2016,2016,여,33,28,16,57.1,20,18,6,33.3,6
방사선비파괴검사,2017,2017,전체,939,662,128,19.3,421,369,178,48.2,178
방사선비파괴검사,2017,2017,여,32,25,7,28,16,15,8,53.3,8
방사선비파괴검사,2018,2018,전체,793,568,110,19.4,207,181,48,26.5,48
방사선비파괴검사,2018,2018,여,24,14,4,28.6,3,3,3,100,3
방사선비파괴검사,2019,2019,전체,851,574,132,23,195,168,79,47,79
방사선비파괴검사,2019,2019,여,24,21,10,47.6,13,12,5,41.7,5
초음파비파괴검사,1975,2019,전체,18806,12849,4282,33.3,9764,7698,1528,19.8,2048
초음파비파괴검사,1975,2014,전체,12564,8513,2878,33.8,6835,5268,1079,20.5,1599
초음파비파괴검사,2015,2015,전체,1453,999,307,30.7,598,523,113,21.6,113
초음파비파괴검사,2015,2015,여,15,13,3,23.1,7,7,0,0,0
초음파비파괴검사,2016,2016,전체,1447,1069,425,39.8,743,620,130,21,130
초음파비파괴검사,2016,2016,여,24,22,9,40.9,8,8,1,12.5,1
초음파비파괴검사,2017,2017,전체,1273,906,237,26.2,611,506,105,20.8,105
초음파비파괴검사,2017,2017,여,22,19,7,36.8,10,9,0,0,0
초음파비파괴검사,2018,2018,전체,1098,743,205,27.6,514,413,61,14.8,61
초음파비파괴검사,2018,2018,여,18,15,4,26.7,13,11,3,27.3,3
초음파비파괴검사,2019,2019,전체,971,619,230,37.2,463,368,40,10.9,40
초음파비파괴검사,2019,2019,여,18,13,4,30.8,11,9,1,11.1,1
자기비파괴검사,1975,2019,전체,19140,12825,5198,40.5,9166,7714,3187,41.3,3699
자기비파괴검사,1975,2014,전체,12951,8532,3098,36.3,5688,4723,2065,43.7,2577
자기비파괴검사,2015,2015,전체,1340,913,427,46.8,593,521,220,42.2,220
자기비파괴검사,2015,2015,여,17,13,6,46.2,8,7,4,57.1,4
자기비파괴검사,2016,2016,전체,1541,1070,531,49.6,739,649,210,32.4,210
자기비파괴검사,2016,2016,여,30,24,16,66.7,17,15,4,26.7,4
자기비파괴검사,2017,2017,전체,1227,890,373,41.9,750,655,221,33.7,221
자기비파괴검사,2017,2017,여,23,18,13,72.2,20,17,9,52.9,9
자기비파괴검사,2018,2018,전체,1114,773,438,56.7,777,656,229,34.9,229
자기비파괴검사,2018,2018,여,30,26,20,76.9,29,27,10,37,10
자기비파괴검사,2019,2019,전체,967,647,331,51.2,619,510,242,47.5,242
자기비파괴검사,2019,2019,여,18,14,6,42.9,17,15,6,40,6
침투비파괴검사,1975,2019,전체,26213,17891,7094,39.7,11643,10000,5440,54.4,5924
침투비파괴검사,1975,2014,전체,15151,10150,3749,36.9,5942,5046,2917,57.8,3401
침투비파괴검사,2015,2015,전체,2159,1439,692,48.1,1181,1027,385,37.5,385
침투비파괴검사,2015,2015,여,46,34,17,50,23,21,13,61.9,13
침투비파괴검사,2016,2016,전체,2220,1473,731,49.6,1335,1175,529,45,529
침투비파괴검사,2016,2016,여,67,46,30,65.2,38,35,17,48.6,17
침투비파괴검사,2017,2017,전체,2346,1683,664,39.5,1173,1017,643,63.2,643
침투비파괴검사,2017,2017,여,60,50,17,34,31,28,17,60.7,17
침투비파괴검사,2018,2018,전체,2322,1710,660,38.6,1039,901,452,50.2,452
침투비파괴검사,2018,2018,여,44,35,21,60,29,24,14,58.3,14
침투비파괴검사,2019,2019,전체,2015,1436,598,41.6,973,834,514,61.6,514
침투비파괴검사,2019,2019,여,56,48,27,56.3,40,37,20,54.1,20
와전류비파괴검사,1975,2019,전체,3612,2474,1262,51,1805,1556,770,49.5,866
와전류비파괴검사,1975,2014,전체,2257,1490,742,49.8,1123,937,413,44.1,509
와전류비파괴검사,2015,2015,전체,247,175,95,54.3,132,123,53,43.1,53
와전류비파괴검사,2015,2015,여,8,6,2,33.3,3,3,2,66.7,2
와전류비파괴검사,2016,2016,전체,257,174,111,63.8,139,134,72,53.7,72
와전류비파괴검사,2016,2016,여,14,9,6,66.7,5,5,2,40,2
와전류비파괴검사,2017,2017,전체,279,194,87,44.8,118,104,62,59.6,62
와전류비파괴검사,2017,2017,여,9,8,2,25,3,3,3,100,3
와전류비파괴검사,2018,2018,전체,294,215,132,61.4,164,147,89,60.5,89
와전류비파괴검사,2018,2018,여,8,6,3,50,3,3,2,66.7,2
와전류비파괴검사,2019,2019,전체,278,226,95,42,129,111,81,73,81
와전류비파괴검사,2019,2019,여,8,6,3,50,4,3,1,33.3,1
누설비파괴검사,1975,2019,전체,6876,4251,1527,35.9,2330,1949,986,50.6,1029
누설비파괴검사,1975,2014,전체,4234,2505,892,35.6,1345,1125,582,51.7,625
누설비파괴검사,2015,2015,전체,567,374,89,23.8,131,113,51,45.1,51
누설비파괴검사,2015,2015,여,4,3,2,66.7,2,2,0,0,0
누설비파괴검사,2016,2016,전체,652,437,213,48.7,272,237,105,44.3,105
누설비파괴검사,2016,2016,여,9,7,4,57.1,5,4,1,25,1
누설비파괴검사,2017,2017,전체,492,319,103,32.3,239,192,83,43.2,83
누설비파괴검사,2017,2017,여,13,10,1,10,3,1,1,100,1
누설비파괴검사,2018,2018,전체,496,353,119,33.7,189,150,81,54,81
누설비파괴검사,2018,2018,여,12,10,5,50,3,3,1,33.3,1
누설비파괴검사,2019,2019,전체,435,263,111,42.2,154,132,84,63.6,84
누설비파괴검사,2019,2019,여,2,1,0,0,3,2,1,50,1
환경분야,1975,2019,전체,715098,519629,161746,31.1,279806,241926,100744,41.6,107050
환경분야,1975,2014,전체,577394,418306,124830,29.8,225118,192524,71515,37.1,77878
환경분야,2015,2015,전체,26132,19162,6678,34.9,10450,9480,5269,55.6,5269
환경분야,2015,2015,여,9082,7139,2627,36.8,3915,3615,2174,60.1,2174
환경분야,2016,2016,전체,26557,19389,6781,35,10074,9113,5503,60.4,5503
환경분야,2016,2016,여,9564,7439,2746,36.9,3852,3537,2201,62.2,2201
환경분야,2017,2017,전체,28123,20928,7734,37,11380,10271,6384,62.2,6384
환경분야,2017,2017,여,10434,8194,3067,37.4,4453,4063,2599,64,2599
환경분야,2018,2018,전체,27184,20112,7367,36.6,10943,9812,6190,63.1,6190
환경분야,2018,2018,여,10243,7962,3000,37.7,4312,3911,2538,64.9,2538
환경분야,2019,2019,전체,29708,21732,8356,38.5,11841,10726,5883,54.8,5826
환경분야,2019,2019,여,10994,8464,3385,40,4619,4187,2378,56.8,2358
온실가스관리,1975,2019,전체,7864,5913,2836,48,4812,4038,1328,32.9,1328
온실가스관리,1975,2014,전체,2160,1724,555,32.2,499,461,305,66.2,305
온실가스관리,2015,2015,전체,2094,1516,633,41.8,951,828,42,5.1,42
온실가스관리,2015,2015,여,488,361,185,51.2,280,242,8,3.3,8
온실가스관리,2016,2016,전체,1267,928,486,52.4,1060,864,547,63.3,547
온실가스관리,2016,2016,여,377,286,157,54.9,339,278,162,58.3,162
온실가스관리,2017,2017,전체,1084,809,491,60.7,843,703,256,36.4,256
온실가스관리,2017,2017,여,349,267,164,61.4,296,244,88,36.1,88
온실가스관리,2018,2018,전체,703,528,364,68.9,792,639,99,15.5,99
온실가스관리,2018,2018,여,215,164,125,76.2,261,202,29,14.4,29
온실가스관리,2019,2019,전체,556,408,307,75.2,667,543,79,14.5,79
온실가스관리,2019,2019,여,182,138,105,76.1,229,175,22,12.6,22
환경위해관리,1975,2019,전체,728,540,296,54.8,248,215,57,26.5,0
환경위해관리,2019,2019,전체,728,540,296,54.8,248,215,57,26.5,0
환경위해관리,2019,2019,여,294,227,130,57.3,109,92,20,21.7,0
대기환경,1975,2019,전체,194960,141852,48522,34.2,81875,71111,30577,43,32413
대기환경,1975,2014,전체,150427,109283,37291,34.1,67589,57413,20519,35.7,22355
대기환경,2015,2015,전체,7295,5336,1642,30.8,2352,2271,1526,67.2,1526
대기환경,2015,2015,여,2550,1992,647,32.5,884,862,613,71.1,613
대기환경,2016,2016,전체,8234,5978,2086,34.9,2540,2442,1825,74.7,1825
대기환경,2016,2016,여,2838,2202,795,36.1,944,909,693,76.2,693
대기환경,2017,2017,전체,8810,6562,2447,37.3,2940,2806,2171,77.4,2171
대기환경,2017,2017,여,3226,2543,938,36.9,1101,1061,858,80.9,858
대기환경,2018,2018,전체,9104,6730,2405,35.7,3211,3066,2316,75.5,2316
대기환경,2018,2018,여,3398,2643,953,36.1,1201,1155,896,77.6,896
대기환경,2019,2019,전체,11090,7963,2651,33.3,3243,3113,2220,71.3,2220
대기환경,2019,2019,여,4099,3114,1052,33.8,1252,1205,884,73.4,884
수질환경,1975,2019,전체,310738,230967,64487,27.9,111394,100201,44243,44.2,47743
수질환경,1975,2014,전체,257646,190680,51910,27.2,94582,84111,33129,39.4,36629
수질환경,2015,2015,전체,9970,7596,2440,32.1,3366,3221,2393,74.3,2393
수질환경,2015,2015,여,3775,3089,1039,33.6,1362,1321,1037,78.5,1037
수질환경,2016,2016,전체,10092,7625,2294,30.1,3083,2961,1892,63.9,1892
수질환경,2016,2016,여,3992,3193,1028,32.2,1305,1270,863,68,863
수질환경,2017,2017,전체,10991,8348,2523,30.2,3488,3331,2440,73.3,2440
수질환경,2017,2017,여,4411,3524,1081,30.7,1453,1397,1073,76.8,1073
수질환경,2018,2018,전체,11132,8434,2631,31.2,3265,3117,2444,78.4,2444
수질환경,2018,2018,여,4462,3544,1127,31.8,1354,1293,1051,81.3,1051
수질환경,2019,2019,전체,10907,8284,2689,32.5,3610,3460,1945,56.2,1945
수질환경,2019,2019,여,4267,3373,1160,34.4,1483,1431,863,60.3,863
소음진동,1975,2019,전체,26184,16694,6108,36.6,11597,9670,3922,40.6,4052
소음진동,1975,2014,전체,23001,14685,5298,36.1,10207,8467,3302,39,3432
소음진동,2015,2015,전체,673,412,158,38.3,280,236,131,55.5,131
소음진동,2015,2015,여,135,97,41,42.3,68,59,40,67.8,40
소음진동,2016,2016,전체,722,450,169,37.6,304,257,123,47.9,123
소음진동,2016,2016,여,154,109,38,34.9,65,56,25,44.6,25
소음진동,2017,2017,전체,699,453,188,41.5,333,280,121,43.2,121
소음진동,2017,2017,여,128,84,35,41.7,68,58,23,39.7,23
소음진동,2018,2018,전체,489,309,127,41.1,223,196,110,56.1,110
소음진동,2018,2018,여,88,50,16,32,43,38,14,36.8,14
소음진동,2019,2019,전체,600,385,168,43.6,250,234,135,57.7,135
소음진동,2019,2019,여,128,88,43,48.9,65,60,31,51.7,31
자연생태복원,1975,2019,전체,25738,19628,7736,39.4,12220,8865,4007,45.2,4007
자연생태복원,1975,2014,전체,18112,13668,4455,32.6,7019,4990,2141,42.9,2141
자연생태복원,2015,2015,전체,1736,1344,623,46.4,1203,909,423,46.5,423
자연생태복원,2015,2015,여,774,599,261,43.6,453,362,188,51.9,188
자연생태복원,2016,2016,전체,1657,1286,561,43.6,890,688,418,60.8,418
자연생태복원,2016,2016,여,732,565,263,46.5,379,321,202,62.9,202
자연생태복원,2017,2017,전체,1508,1199,691,57.6,961,695,332,47.8,332
자연생태복원,2017,2017,여,676,538,316,58.7,458,361,176,48.8,176
자연생태복원,2018,2018,전체,1411,1095,603,55.1,941,664,379,57.1,379
자연생태복원,2018,2018,여,637,487,281,57.7,420,326,194,59.5,194
자연생태복원,2019,2019,전체,1314,1036,803,77.5,1206,919,314,34.2,314
자연생태복원,2019,2019,여,615,478,376,78.7,531,418,156,37.3,156
토양환경,1975,2019,전체,29992,21041,7378,35.1,13388,10925,5022,46,5441
토양환경,1975,2014,전체,22014,15432,5068,32.8,8659,6955,3466,49.8,3885
토양환경,2015,2015,전체,1624,1144,462,40.4,821,692,370,53.5,370
토양환경,2015,2015,여,581,439,199,45.3,348,296,151,51,151
토양환경,2016,2016,전체,1641,1112,456,41,856,724,285,39.4,285
토양환경,2016,2016,여,616,456,208,45.6,372,314,127,40.4,127
토양환경,2017,2017,전체,1672,1198,470,39.2,1036,896,246,27.5,246
토양환경,2017,2017,여,596,455,194,42.6,444,385,99,25.7,99
토양환경,2018,2018,전체,1503,1062,438,41.2,1045,859,250,29.1,250
토양환경,2018,2018,여,558,420,185,44,467,401,118,29.4,118
토양환경,2019,2019,전체,1538,1093,484,44.3,971,799,405,50.7,405
토양환경,2019,2019,여,554,437,206,47.1,409,342,166,48.5,166
폐기물처리,1975,2019,전체,95053,63924,20197,31.6,41560,34396,10331,30,10349
폐기물처리,1975,2014,전체,81367,54682,16578,30.3,34553,28268,7746,27.4,7764
폐기물처리,2015,2015,전체,2579,1689,665,39.4,1409,1260,364,28.9,364
폐기물처리,2015,2015,여,714,508,230,45.3,487,442,127,28.7,127
폐기물처리,2016,2016,전체,2782,1883,670,35.6,1258,1100,381,34.6,381
폐기물처리,2016,2016,여,805,589,238,40.4,422,365,119,32.6,119
폐기물처리,2017,2017,전체,3034,2107,795,37.7,1590,1385,757,54.7,757
폐기물처리,2017,2017,여,934,692,292,42.2,566,493,261,52.9,261
폐기물처리,2018,2018,전체,2631,1792,698,39,1332,1139,503,44.2,503
폐기물처리,2018,2018,여,814,597,278,46.6,518,449,204,45.4,204
폐기물처리,2019,2019,전체,2660,1771,791,44.7,1418,1244,580,46.6,580
폐기물처리,2019,2019,여,732,509,239,47,447,380,175,46.1,175
생물분류(식물),1975,2019,전체,2535,2108,652,30.9,998,925,468,50.6,491
생물분류(식물),1975,2014,전체,1932,1631,390,23.9,634,590,304,51.5,327
생물분류(식물),2015,2015,전체,109,88,43,48.9,51,49,18,36.7,18
생물분류(식물),2015,2015,여,54,46,22,47.8,28,27,10,37,10
생물분류(식물),2016,2016,전체,89,71,35,49.3,51,48,30,62.5,30
생물분류(식물),2016,2016,여,34,28,15,53.6,22,21,10,47.6,10
생물분류(식물),2017,2017,전체,172,133,67,50.4,93,86,27,31.4,27
생물분류(식물),2017,2017,여,64,50,26,52,39,38,13,34.2,13
생물분류(식물),2018,2018,전체,94,76,44,57.9,64,63,38,60.3,38
생물분류(식물),2018,2018,여,43,37,20,54.1,24,24,18,75,18
생물분류(식물),2019,2019,전체,139,109,73,67,105,89,51,57.3,51
생물분류(식물),2019,2019,여,65,51,38,74.5,46,39,23,59,23
생물분류(동물),1975,2019,전체,1539,1263,423,33.5,730,671,312,46.5,340
생물분류(동물),1975,2014,전체,968,822,174,21.2,392,360,126,35,154
생물분류(동물),2015,2015,전체,52,37,12,32.4,17,14,2,14.3,2
생물분류(동물),2015,2015,여,11,8,3,37.5,5,4,0,0,0
생물분류(동물),2016,2016,전체,73,56,24,42.9,32,29,2,6.9,2
생물분류(동물),2016,2016,여,16,11,4,36.4,4,3,0,0,0
생물분류(동물),2017,2017,전체,153,119,62,52.1,96,89,34,38.2,34
생물분류(동물),2017,2017,여,50,41,21,51.2,28,26,8,30.8,8
생물분류(동물),2018,2018,전체,117,86,57,66.3,70,69,51,73.9,51
생물분류(동물),2018,2018,여,28,20,15,75,24,23,14,60.9,14
생물분류(동물),2019,2019,전체,176,143,94,65.7,123,110,97,88.2,97
생물분류(동물),2019,2019,여,58,49,36,73.5,48,45,38,84.4,38
에너지.기상분야,1975,2019,전체,144867,104209,39428,37.8,62765,54280,19940,36.7,26704
에너지.기상분야,1975,2014,전체,99061,70425,22885,32.5,33400,29215,9214,31.5,15978
에너지.기상분야,2015,2015,전체,6462,4653,1983,42.6,4573,3920,1434,36.6,1434
에너지.기상분야,2015,2015,여,515,407,190,46.7,336,294,114,38.8,114
에너지.기상분야,2016,2016,전체,7128,5240,2510,47.9,4149,3612,1175,32.5,1175
에너지.기상분야,2016,2016,여,603,461,237,51.4,356,315,130,41.3,130
에너지.기상분야,2017,2017,전체,9299,6910,3588,51.9,6287,5349,2556,47.8,2556
에너지.기상분야,2017,2017,여,716,548,275,50.2,427,370,208,56.2,208
에너지.기상분야,2018,2018,전체,11069,8378,4109,49,6878,5817,2750,47.3,2750
에너지.기상분야,2018,2018,여,834,655,281,42.9,445,380,162,42.6,162
에너지.기상분야,2019,2019,전체,11848,8603,4353,50.6,7478,6367,2811,44.1,2811
에너지.기상분야,2019,2019,여,965,718,356,49.6,570,486,204,42,204
신재생에너지발전설비(태양광),1975,2019,전체,31475,24812,11921,48,21194,17739,5431,30.6,5431
신재생에너지발전설비(태양광),1975,2014,전체,10245,8315,2574,31,3375,2963,127,4.3,127
신재생에너지발전설비(태양광),2015,2015,전체,2398,1838,1027,55.9,2687,2241,466,20.8,466
신재생에너지발전설비(태양광),2015,2015,여,100,82,32,39,65,51,9,17.6,9
신재생에너지발전설비(태양광),2016,2016,전체,2401,1904,1111,58.4,2255,1915,225,11.7,225
신재생에너지발전설비(태양광),2016,2016,여,90,67,34,50.7,62,53,4,7.5,4
신재생에너지발전설비(태양광),2017,2017,전체,4512,3522,2231,63.3,4117,3397,1309,38.5,1309
신재생에너지발전설비(태양광),2017,2017,여,217,154,63,40.9,117,95,39,41.1,39
신재생에너지발전설비(태양광),2018,2018,전체,6036,4803,2483,51.7,4352,3582,1943,54.2,1943
신재생에너지발전설비(태양광),2018,2018,여,384,306,99,32.4,156,134,74,55.2,74
신재생에너지발전설비(태양광),2019,2019,전체,5883,4430,2495,56.3,4408,3641,1361,37.4,1361
신재생에너지발전설비(태양광),2019,2019,여,484,366,180,49.2,262,222,88,39.6,88
원자력,1975,2019,전체,4958,3738,1210,32.4,1230,1148,740,64.5,1021
원자력,1975,2014,전체,3732,2851,855,30,836,763,471,61.7,752
원자력,2015,2015,전체,222,159,34,21.4,45,45,29,64.4,29
원자력,2015,2015,여,44,32,2,6.3,5,5,3,60,3
원자력,2016,2016,전체,212,157,82,52.2,90,90,37,41.1,37
원자력,2016,2016,여,50,36,11,30.6,11,11,7,63.6,7
원자력,2017,2017,전체,272,200,50,25,78,74,63,85.1,63
원자력,2017,2017,여,51,40,8,20,10,10,9,90,9
원자력,2018,2018,전체,277,208,134,64.4,114,114,85,74.6,85
원자력,2018,2018,여,67,51,28,54.9,25,25,20,80,20
원자력,2019,2019,전체,243,163,55,33.7,67,62,55,88.7,55
원자력,2019,2019,여,58,36,8,22.2,13,11,10,90.9,10
에너지관리,1975,2019,전체,95832,65175,20671,31.7,31441,27625,9985,36.1,16460
에너지관리,1975,2014,전체,75494,51237,15327,29.9,22634,19759,5749,29.1,12224
에너지관리,2015,2015,전체,3270,2180,651,29.9,1357,1212,790,65.2,790
에너지관리,2015,2015,여,111,70,20,28.6,38,33,21,63.6,21
에너지관리,2016,2016,전체,3832,2611,981,37.6,1308,1168,722,61.8,722
에너지관리,2016,2016,여,142,99,29,29.3,44,37,20,54.1,20
에너지관리,2017,2017,전체,3875,2666,956,35.9,1609,1450,886,61.1,886
에너지관리,2017,2017,여,159,122,49,40.2,80,71,28,39.4,28
에너지관리,2018,2018,전체,4225,2947,1229,41.7,2008,1776,617,34.7,617
에너지관리,2018,2018,여,169,125,44,35.2,84,67,19,28.4,19
에너지관리,2019,2019,전체,5136,3534,1527,43.2,2525,2260,1221,54,1221
에너지관리,2019,2019,여,197,131,57,43.5,95,84,31,36.9,31
기상,1975,2019,전체,11824,9888,5391,54.5,8600,7508,3705,49.3,3713
기상,1975,2014,전체,9108,7634,4013,52.6,6408,5601,2837,50.7,2845
기상,2015,2015,전체,518,438,256,58.4,464,408,148,36.3,148
기상,2015,2015,여,241,211,132,62.6,221,200,81,40.5,81
기상,2016,2016,전체,637,538,323,60,475,422,186,44.1,186
기상,2016,2016,여,305,248,156,62.9,229,206,97,47.1,97
기상,2017,2017,전체,594,488,327,67,460,408,293,71.8,293
기상,2017,2017,여,269,217,145,66.8,209,185,130,70.3,130
기상,2018,2018,전체,465,376,238,63.3,368,315,99,31.4,99
기상,2018,2018,여,193,159,100,62.9,164,141,46,32.6,46
기상,2019,2019,전체,502,414,234,56.5,425,354,142,40.1,142
기상,2019,2019,여,203,169,99,58.6,183,154,66,42.9,66
기상감정,1975,2019,전체,778,596,235,39.4,300,260,79,30.4,79
기상감정,1975,2014,전체,482,388,116,29.9,147,129,30,23.3,30
기상감정,2015,2015,전체,54,38,15,39.5,20,14,1,7.1,1
기상감정,2015,2015,여,19,12,4,33.3,7,5,0,0,0
기상감정,2016,2016,전체,46,30,13,43.3,21,17,5,29.4,5
기상감정,2016,2016,여,16,11,7,63.6,10,8,2,25,2
기상감정,2017,2017,전체,46,34,24,70.6,23,20,5,25,5
기상감정,2017,2017,여,20,15,10,66.7,11,9,2,22.2,2
기상감정,2018,2018,전체,66,44,25,56.8,36,30,6,20,6
기상감정,2018,2018,여,21,14,10,71.4,16,13,3,23.1,3
기상감정,2019,2019,전체,84,62,42,67.7,53,50,32,64,32
기상감정,2019,2019,여,23,16,12,75,17,15,9,60,9
