종목명,년도,성별,필기시험접수,필기시험응시,필기시험합격,필기시험합격률,실기시험접수,실기시험응시,실기시험합격,실기시험합격률,자격취득자현황(명)
전문사무합계,2016,전체,547704,374193,197851,52.9,414328,401267,137769,34.3,137769
전문사무합계,2016,여자,329069,223763,115730,51.7,239512,230240,82068,35.6,82068
전문사무합계,2017,전체,548405,445803,193868,43.5,403801,346417,133024,38.4,135538
전문사무합계,2017,여자,329360,265421,113101,42.6,235846,201794,78463,38.9,80602
전문사무합계,2018,전체,597348,479424,226538,47.3,478234,409760,139548,34.1,139548
전문사무합계,2018,여자,365553,291120,135644,46.6,285603,244275,85271,34.9,85272
전문사무합계,2019,전체,693606,552286,275548,49.9,602014,508984,174926,34.4,174926
전문사무합계,2019,여자,423051,334981,166545,49.7,364319,307699,108020,35.1,108020
전문사무합계,2020,전체,821855,619958,283332,45.7,640826,520583,177819,34.2,180475
전문사무합계,2020,여자,515779,386078,175751,45.5,394122,318968,112054,35.1,114295
경영분야,2016,전체,11975,9319,6270,67.3,7521,6156,3786,61.5,3786
경영분야,2016,여자,7355,5702,3807,66.8,4694,3854,2337,60.6,2337
경영분야,2017,전체,12919,9950,6893,69.3,8054,6682,4422,66.2,4422
경영분야,2017,여자,7919,6060,4143,68.4,4913,4073,2689,66,2689
경영분야,2018,전체,13937,10749,7323,68.1,8383,7037,3684,52.4,3684
경영분야,2018,여자,8572,6600,4504,68.2,5143,4309,2285,53,2285
경영분야,2019,전체,15438,11919,8299,69.6,9661,8159,4520,55.4,4520
경영분야,2019,여자,9484,7333,5173,70.5,6130,5180,2878,55.6,2878
경영분야,2020,전체,15870,12676,9510,75,11941,9958,6855,68.8,6855
경영분야,2020,여자,10657,8519,6433,75.5,8102,6770,4711,69.6,4711
사회조사분석사1급,2016,전체,177,123,83,67.5,127,108,34,31.5,34
사회조사분석사1급,2016,여자,94,58,35,60.3,66,54,19,35.2,19
사회조사분석사1급,2017,전체,147,104,77,74,125,107,25,23.4,25
사회조사분석사1급,2017,여자,76,55,40,72.7,60,48,9,18.8,9
사회조사분석사1급,2018,전체,168,129,74,57.4,109,100,14,14,14
사회조사분석사1급,2018,여자,100,80,47,58.8,67,63,11,17.5,11
사회조사분석사1급,2019,전체,177,131,83,63.4,121,96,26,27.1,26
사회조사분석사1급,2019,여자,99,69,39,56.5,61,50,14,28,14
사회조사분석사1급,2020,전체,125,93,58,62.4,93,84,12,14.3,12
사회조사분석사1급,2020,여자,72,51,31,60.8,47,41,5,12.2,5
사회조사분석사2급,2016,전체,9425,7254,4731,65.2,5380,4673,3204,68.6,3204
사회조사분석사2급,2016,여자,5607,4284,2727,63.7,3215,2808,1924,68.5,1924
사회조사분석사2급,2017,전체,10237,7752,5348,69,6119,5335,3731,69.9,3731
사회조사분석사2급,2017,여자,6116,4573,3083,67.4,3624,3163,2229,70.5,2229
사회조사분석사2급,2018,전체,11305,8629,5889,68.2,6722,5907,3234,54.7,3234
사회조사분석사2급,2018,여자,6920,5261,3539,67.3,4065,3587,1971,54.9,1971
사회조사분석사2급,2019,전체,12563,9635,6887,71.5,7791,6921,4029,58.2,4029
사회조사분석사2급,2019,여자,7768,5948,4224,71,4891,4366,2541,58.2,2541
사회조사분석사2급,2020,전체,13390,10589,7948,75.1,9887,8595,6072,70.6,6072
사회조사분석사2급,2020,여자,8968,7087,5310,74.9,6662,5826,4134,71,4134
컨벤션기획사1급,2016,전체,13,12,5,41.7,5,5,0,0,0
컨벤션기획사1급,2016,여자,6,5,3,60,3,3,0,0,0
컨벤션기획사1급,2017,전체,20,15,9,60,10,8,4,50,4
컨벤션기획사1급,2017,여자,13,9,6,66.7,5,4,3,75,3
컨벤션기획사1급,2018,전체,6,3,0,0,2,1,0,0,0
컨벤션기획사1급,2018,여자,4,2,0,0,0,0,0,0,0
컨벤션기획사1급,2019,전체,12,9,5,55.6,6,3,0,0,0
컨벤션기획사1급,2019,여자,9,7,3,42.9,3,1,0,0,0
컨벤션기획사1급,2020,전체,7,7,6,85.7,8,6,0,0,0
컨벤션기획사1급,2020,여자,5,5,4,80,5,5,0,0,0
컨벤션기획사2급,2016,전체,1468,1216,973,80,1111,722,260,36,260
컨벤션기획사2급,2016,여자,1073,891,726,81.5,826,546,204,37.4,204
컨벤션기획사2급,2017,전체,1319,1099,845,76.9,986,657,306,46.6,306
컨벤션기획사2급,2017,여자,983,826,648,78.5,725,486,229,47.1,229
컨벤션기획사2급,2018,전체,1290,1071,785,73.3,795,470,236,50.2,236
컨벤션기획사2급,2018,여자,990,829,631,76.1,612,367,185,50.4,185
컨벤션기획사2급,2019,전체,1303,1077,834,77.4,913,577,310,53.7,310
컨벤션기획사2급,2019,여자,936,779,626,80.4,718,445,240,53.9,240
컨벤션기획사2급,2020,전체,1451,1259,1115,88.6,1301,841,538,64,538
컨벤션기획사2급,2020,여자,1129,980,876,89.4,1005,648,441,68.1,441
소비자전문상담사1급,2016,전체,57,48,42,87.5,49,43,38,88.4,38
소비자전문상담사1급,2016,여자,43,36,30,83.3,33,30,26,86.7,26
소비자전문상담사1급,2017,전체,89,76,61,80.3,67,63,57,90.5,57
소비자전문상담사1급,2017,여자,57,49,37,75.5,42,39,34,87.2,34
소비자전문상담사1급,2018,전체,58,49,26,53.1,33,29,10,34.5,10
소비자전문상담사1급,2018,여자,36,30,12,40,18,15,5,33.3,5
소비자전문상담사1급,2019,전체,69,55,38,69.1,44,40,21,52.5,21
소비자전문상담사1급,2019,여자,47,37,24,64.9,27,25,13,52,13
소비자전문상담사1급,2020,전체,24,18,9,50,21,18,7,38.9,7
소비자전문상담사1급,2020,여자,15,12,6,50,12,11,2,18.2,2
소비자전문상담사2급,2016,전체,835,666,436,65.5,849,605,250,41.3,250
소비자전문상담사2급,2016,여자,532,428,286,66.8,551,413,164,39.7,164
소비자전문상담사2급,2017,전체,1107,904,553,61.2,747,512,299,58.4,299
소비자전문상담사2급,2017,여자,674,548,329,60,457,333,185,55.6,185
소비자전문상담사2급,2018,전체,1110,868,549,63.2,722,530,190,35.8,190
소비자전문상담사2급,2018,여자,522,398,275,69.1,381,277,113,40.8,113
소비자전문상담사2급,2019,전체,1314,1012,452,44.7,786,522,134,25.7,134
소비자전문상담사2급,2019,여자,625,493,257,52.1,430,293,70,23.9,70
소비자전문상담사2급,2020,전체,873,710,374,52.7,631,414,226,54.6,226
소비자전문상담사2급,2020,여자,468,384,206,53.6,371,239,129,54,129
회계분야,2016,전체,14679,13212,7000,53,20423,17771,11145,62.7,11145
회계분야,2016,여자,11614,10490,5677,54.1,15891,13885,8945,64.4,8945
회계분야,2017,전체,12074,10512,5789,55.1,18335,16531,8074,48.8,8074
회계분야,2017,여자,9504,8514,4673,54.9,14143,12838,6445,50.2,6445
회계분야,2018,전체,10922,9039,5237,57.9,18041,16193,7478,46.2,7478
회계분야,2018,여자,8427,7321,4187,57.2,13951,12637,6040,47.8,6040
회계분야,2019,전체,10994,8478,4765,56.2,15736,14333,7103,49.6,7103
회계분야,2019,여자,7977,6700,3705,55.3,12269,11288,5780,51.2,5780
회계분야,2020,전체,10090,7704,4091,53.1,11860,10504,5585,53.2,5585
회계분야,2020,여자,7871,6123,3206,52.4,9179,8199,4516,55.1,4516
전산회계운용사1급,2016,전체,229,131,85,64.9,104,83,15,18.1,15
전산회계운용사1급,2016,여자,104,57,39,68.4,41,36,8,22.2,8
전산회계운용사1급,2017,전체,312,162,93,57.4,121,103,38,36.9,38
전산회계운용사1급,2017,여자,140,81,42,51.9,54,47,17,36.2,17
전산회계운용사1급,2018,전체,455,205,127,62,162,134,52,38.8,52
전산회계운용사1급,2018,여자,173,102,53,52,72,58,19,32.8,19
전산회계운용사1급,2019,전체,918,236,116,49.2,149,121,51,42.1,51
전산회계운용사1급,2019,여자,229,135,55,40.7,68,60,25,41.7,25
전산회계운용사1급,2020,전체,384,229,108,47.2,178,145,36,24.8,36
전산회계운용사1급,2020,여자,239,140,53,37.9,83,70,23,32.9,23
전산회계운용사2급,2016,전체,6712,5870,2724,46.4,3472,3472,1331,38.3,1331
전산회계운용사2급,2016,여자,5290,4624,2150,46.5,2800,2800,1084,38.7,1084
전산회계운용사2급,2017,전체,4964,4170,1948,46.7,3736,3381,1319,39,1319
전산회계운용사2급,2017,여자,3947,3383,1529,45.2,2974,2718,1083,39.8,1083
전산회계운용사2급,2018,전체,5618,4473,2387,53.4,3992,3517,1738,49.4,1738
전산회계운용사2급,2018,여자,4349,3598,1860,51.7,3077,2738,1369,50,1369
전산회계운용사2급,2019,전체,5828,4519,2206,48.8,3969,3495,1787,51.1,1787
전산회계운용사2급,2019,여자,4417,3556,1669,46.9,3036,2725,1428,52.4,1428
전산회계운용사2급,2020,전체,6328,4542,2127,46.8,3644,3083,1543,50,1543
전산회계운용사2급,2020,여자,4917,3573,1611,45.1,2748,2347,1199,51.1,1199
전산회계운용사3급,2016,전체,7738,7211,4191,58.1,16847,14216,9799,68.9,9799
전산회계운용사3급,2016,여자,6220,5809,3488,60,13050,11049,7853,71.1,7853
전산회계운용사3급,2017,전체,6798,6180,3748,60.6,14478,13047,6717,51.5,6717
전산회계운용사3급,2017,여자,5417,5050,3102,61.4,11115,10073,5345,53.1,5345
전산회계운용사3급,2018,전체,4849,4361,2723,62.4,13887,12542,5688,45.4,5688
전산회계운용사3급,2018,여자,3905,3621,2274,62.8,10802,9841,4652,47.3,4652
전산회계운용사3급,2019,전체,4248,3723,2443,65.6,11618,10717,5265,49.1,5265
전산회계운용사3급,2019,여자,3331,3009,1981,65.8,9165,8503,4327,50.9,4327
전산회계운용사3급,2020,전체,3378,2933,1856,63.3,8038,7276,4006,55.1,4006
전산회계운용사3급,2020,여자,2715,2410,1542,64,6348,5782,3294,57,3294
사무분야,2016,전체,477425,316635,163635,51.7,352143,350884,113074,32.2,113074
사무분야,2016,여자,279781,183084,91377,49.9,194047,193245,63902,33.1,63902
사무분야,2017,전체,481229,392393,161432,41.1,344850,298063,111802,37.5,114316
사무분야,2017,여자,282809,227681,90322,39.7,193102,166501,62975,37.8,65114
사무분야,2018,전체,525184,422703,192260,45.5,417502,359686,117657,32.7,117657
사무분야,2018,여자,315414,250983,111463,44.4,241518,207693,69198,33.3,69198
사무분야,2019,전체,619771,495439,240774,48.6,541278,459158,152062,33.1,152062
사무분야,2019,여자,373040,295275,142385,48.2,320363,271390,91498,33.7,91498
사무분야,2020,전체,756786,567774,248209,43.7,578141,471523,154517,32.8,157173
사무분야,2020,여자,469430,348782,150673,43.2,348267,282958,94787,33.5,97028
컴퓨터활용능력1급,2016,전체,153936,86512,38476,44.5,130479,130330,15134,11.6,15134
컴퓨터활용능력1급,2016,여자,87424,46957,19544,41.6,67005,66969,7635,11.4,7635
컴퓨터활용능력1급,2017,전체,172540,131254,43351,33,139609,117740,18268,15.5,18268
컴퓨터활용능력1급,2017,여자,99956,74236,22847,30.8,73919,61837,9410,15.2,9410
컴퓨터활용능력1급,2018,전체,214534,163360,61006,37.3,186656,157287,23924,15.2,23924
컴퓨터활용능력1급,2018,여자,126827,94423,33586,35.6,103657,86917,12873,14.8,12873
컴퓨터활용능력1급,2019,전체,283701,216158,86468,40,262664,217432,39695,18.3,39695
컴퓨터활용능력1급,2019,여자,165591,123614,47743,38.6,147249,121328,21968,18.1,21968
컴퓨터활용능력1급,2020,전체,425351,305416,113078,37,321723,258126,52396,20.3,52396
컴퓨터활용능력1급,2020,여자,256485,181244,64847,35.8,183208,145734,28968,19.9,28968
컴퓨터활용능력2급,2016,전체,213968,152985,78037,51,140425,140333,61943,44.1,61943
컴퓨터활용능력2급,2016,여자,133374,96029,49209,51.2,86710,86667,39786,45.9,39786
컴퓨터활용능력2급,2017,전체,205719,175249,74016,42.2,127645,112687,60095,53.3,60095
컴퓨터활용능력2급,2017,여자,130255,110181,46893,42.6,81217,71540,38714,54.1,38714
컴퓨터활용능력2급,2018,전체,218214,184487,88871,48.2,152175,134727,66893,49.7,66893
컴퓨터활용능력2급,2018,여자,139998,117458,57117,48.6,98638,87122,43838,50.3,43838
컴퓨터활용능력2급,2019,전체,248086,209049,111711,53.4,201134,175892,83582,47.5,83582
컴퓨터활용능력2급,2019,여자,158011,132157,71549,54.1,130720,114082,54559,47.8,54559
컴퓨터활용능력2급,2020,전체,256196,204563,98668,48.2,187725,157159,78378,49.9,78378
컴퓨터활용능력2급,2020,여자,167169,132547,64587,48.7,125089,104439,52420,50.2,52420
비서1급,2016,전체,4663,3380,1186,35.1,15,12,6,50,6
비서1급,2016,여자,3972,2966,969,32.7,14,11,5,45.5,5
비서1급,2017,전체,3621,2576,1304,50.6,1,1,1,100,1137
비서1급,2017,여자,3030,2198,1073,48.8,1,1,1,100,911
비서1급,2018,전체,4089,2779,1234,44.4,10,5,2,40,2
비서1급,2018,여자,3311,2390,1010,42.3,10,5,2,40,2
비서1급,2019,전체,4626,3222,1507,46.8,5,3,1,33.3,1
비서1급,2019,여자,3821,2829,1281,45.3,5,3,1,33.3,1
비서1급,2020,전체,4496,3314,1217,36.7,26,2,2,100,1143
비서1급,2020,여자,3885,2874,980,34.1,26,2,2,100,924
비서2급,2016,전체,3242,2615,1319,50.4,4,1,1,100,1
비서2급,2016,여자,3032,2497,1226,49.1,4,1,1,100,1
비서2급,2017,전체,2658,2065,972,47.1,6,3,2,66.7,855
비서2급,2017,여자,2412,1921,883,46,6,3,2,66.7,764
비서2급,2018,전체,2577,1963,615,31.3,1,0,0,0,0
비서2급,2018,여자,2365,1867,580,31.1,1,0,0,0,0
비서2급,2019,전체,2700,2025,1056,52.1,0,0,0,0,0
비서2급,2019,여자,2414,1892,980,51.8,0,0,0,0,0
비서2급,2020,전체,2825,2119,1140,53.8,10,6,0,0,957
비서2급,2020,여자,2619,1965,1052,53.5,10,6,0,0,853
비서3급,2016,전체,1745,1421,940,66.2,0,0,0,0,0
비서3급,2016,여자,1599,1336,864,64.7,0,0,0,0,0
비서3급,2017,전체,1607,1227,574,46.8,3,0,0,0,525
비서3급,2017,여자,1376,1143,525,45.9,2,0,0,0,467
비서3급,2018,전체,1144,690,393,57,0,0,0,0,0
비서3급,2018,여자,746,600,339,56.5,0,0,0,0,0
비서3급,2019,전체,1230,786,574,73,0,0,0,0,0
비서3급,2019,여자,838,684,503,73.5,0,0,0,0,0
비서3급,2020,전체,577,408,303,74.3,0,0,0,0,558
비서3급,2020,여자,475,355,261,73.5,0,0,0,0,466
워드프로세서,2016,전체,99871,69722,43677,62.6,70542,70414,34078,48.4,34078
워드프로세서,2016,여자,50380,33299,19565,58.8,32606,32555,15082,46.3,15082
워드프로세서,2017,전체,95084,80022,41215,51.5,67473,58741,32232,54.9,32232
워드프로세서,2017,여자,45780,38002,18101,47.6,30539,26434,13959,52.8,13959
워드프로세서,2018,전체,84626,69424,40141,57.8,70481,60399,25641,42.5,25641
워드프로세서,2018,여자,42167,34245,18831,55,33055,28054,11567,41.2,11567
워드프로세서,2019,전체,79428,64199,39458,61.5,70545,59703,27632,46.3,27632
워드프로세서,2019,여자,42365,34099,20329,59.6,37067,31150,14076,45.2,14076
워드프로세서,2020,전체,67341,51954,33803,65.1,63799,51894,23038,44.4,23038
워드프로세서,2020,여자,38797,29797,18946,63.6,36063,29303,12830,43.8,12830
한글속기1급,2016,전체,0,0,0,0,2527,2331,352,15.1,352
한글속기1급,2016,여자,0,0,0,0,1866,1704,258,15.1,258
한글속기1급,2017,전체,0,0,0,0,2468,2156,109,5.1,109
한글속기1급,2017,여자,0,0,0,0,1839,1659,85,5.1,85
한글속기1급,2018,전체,0,0,0,0,2081,1863,251,13.5,251
한글속기1급,2018,여자,0,0,0,0,1587,1456,196,13.5,196
한글속기1급,2019,전체,0,0,0,0,1860,1658,181,10.9,181
한글속기1급,2019,여자,0,0,0,0,1420,1303,144,11.1,144
한글속기1급,2020,전체,0,0,0,0,1433,1300,182,14,182
한글속기1급,2020,여자,0,0,0,0,1142,1039,151,14.5,151
한글속기2급,2016,전체,0,0,0,0,2983,2801,785,28,785
한글속기2급,2016,여자,0,0,0,0,2164,2031,586,28.9,586
한글속기2급,2017,전체,0,0,0,0,2758,2519,426,16.9,426
한글속기2급,2017,여자,0,0,0,0,2038,1889,310,16.4,310
한글속기2급,2018,전체,0,0,0,0,2316,2119,422,19.9,422
한글속기2급,2018,여자,0,0,0,0,1744,1626,328,20.2,328
한글속기2급,2019,전체,0,0,0,0,1924,1769,465,26.3,465
한글속기2급,2019,여자,0,0,0,0,1481,1386,359,25.9,359
한글속기2급,2020,전체,0,0,0,0,1416,1269,222,17.5,222
한글속기2급,2020,여자,0,0,0,0,1124,1014,180,17.8,180
한글속기3급,2016,전체,0,0,0,0,5168,4662,775,16.6,775
한글속기3급,2016,여자,0,0,0,0,3678,3307,549,16.6,549
한글속기3급,2017,전체,0,0,0,0,4887,4216,669,15.9,669
한글속기3급,2017,여자,0,0,0,0,3541,3138,494,15.7,494
한글속기3급,2018,전체,0,0,0,0,3782,3286,524,15.9,524
한글속기3급,2018,여자,0,0,0,0,2826,2513,394,15.7,394
한글속기3급,2019,전체,0,0,0,0,3146,2701,506,18.7,506
한글속기3급,2019,여자,0,0,0,0,2421,2138,391,18.3,391
한글속기3급,2020,전체,0,0,0,0,2009,1767,299,16.9,299
한글속기3급,2020,여자,0,0,0,0,1605,1421,236,16.6,236
보건.의료분야,2016,전체,7059,6055,4872,80.5,8427,6488,1569,24.2,1569
보건.의료분야,2016,여자,6028,5169,4205,81.4,7339,5637,1363,24.2,1363
보건.의료분야,2017,전체,6840,5872,4688,79.8,8716,6660,1239,18.6,1239
보건.의료분야,2017,여자,5859,5009,4041,80.7,7544,5746,1059,18.4,1059
보건.의료분야,2018,전체,7292,6194,4261,68.8,8526,6647,1271,19.1,1271
보건.의료분야,2018,여자,6256,5307,3681,69.4,7399,5743,1122,19.5,1122
보건.의료분야,2019,전체,8060,6635,4365,65.8,8438,6425,1520,23.7,1520
보건.의료분야,2019,여자,6830,5607,3708,66.1,7251,5508,1278,23.2,1278
보건.의료분야,2020,전체,6710,5696,4477,78.6,9416,6776,1701,25.1,1701
보건.의료분야,2020,여자,5683,4825,3850,79.8,8111,5841,1493,25.6,1493
국제의료관광코디네이터,2016,전체,434,377,271,71.9,496,444,222,50,222
국제의료관광코디네이터,2016,여자,350,306,228,74.5,401,356,182,51.1,182
국제의료관광코디네이터,2017,전체,307,264,179,67.8,237,211,140,66.4,140
국제의료관광코디네이터,2017,여자,232,201,137,68.2,191,172,111,64.5,111
국제의료관광코디네이터,2018,전체,220,195,144,73.8,184,160,55,34.4,55
국제의료관광코디네이터,2018,여자,181,163,123,75.5,161,139,44,31.7,44
국제의료관광코디네이터,2019,전체,262,231,166,71.9,255,231,113,48.9,113
국제의료관광코디네이터,2019,여자,205,179,119,66.5,192,172,83,48.3,83
국제의료관광코디네이터,2020,전체,234,207,169,81.6,236,217,162,74.7,162
국제의료관광코디네이터,2020,여자,185,165,135,81.8,186,169,128,75.7,128
임상심리사1급,2016,전체,300,254,189,74.4,270,234,20,8.5,20
임상심리사1급,2016,여자,250,214,155,72.4,228,200,17,8.5,17
임상심리사1급,2017,전체,363,314,149,47.5,292,253,36,14.2,36
임상심리사1급,2017,여자,319,276,131,47.5,253,219,31,14.2,31
임상심리사1급,2018,전체,426,378,232,61.4,357,298,75,25.2,75
임상심리사1급,2018,여자,367,323,197,61,312,261,67,25.7,67
임상심리사1급,2019,전체,476,388,252,64.9,398,336,32,9.5,32
임상심리사1급,2019,여자,418,340,218,64.1,350,294,27,9.2,27
임상심리사1급,2020,전체,563,457,360,78.8,576,478,319,66.7,319
임상심리사1급,2020,여자,496,399,311,77.9,501,420,277,66,277
임상심리사2급,2016,전체,6325,5424,4412,81.3,7661,5810,1327,22.8,1327
임상심리사2급,2016,여자,5428,4649,3822,82.2,6710,5081,1164,22.9,1164
임상심리사2급,2017,전체,6170,5294,4360,82.4,8187,6196,1063,17.2,1063
임상심리사2급,2017,여자,5308,4532,3773,83.3,7100,5355,917,17.1,917
임상심리사2급,2018,전체,6646,5621,3885,69.1,7985,6189,1141,18.4,1141
임상심리사2급,2018,여자,5708,4821,3361,69.7,6926,5343,1011,18.9,1011
임상심리사2급,2019,전체,7322,6016,3947,65.6,7785,5858,1375,23.5,1375
임상심리사2급,2019,여자,6207,5088,3371,66.3,6709,5042,1168,23.2,1168
임상심리사2급,2020,전체,5913,5032,3948,78.5,8604,6081,1220,20.1,1220
임상심리사2급,2020,여자,5002,4261,3404,79.9,7424,5252,1088,20.7,1088
사회복지.종교분야,2016,전체,26804,20792,10406,50,17812,13982,5364,38.4,5364
사회복지.종교분야,2016,여자,19703,15442,8047,52.1,13717,10794,4253,39.4,4253
사회복지.종교분야,2017,전체,25781,19846,9689,48.8,16319,12909,5318,41.2,5318
사회복지.종교분야,2017,여자,19174,14858,7492,50.4,12594,10017,4288,42.8,4288
사회복지.종교분야,2018,전체,30902,23668,12400,52.4,18509,14702,7021,47.8,7021
사회복지.종교분야,2018,여자,22985,17712,9495,53.6,14063,11236,5529,49.2,5530
사회복지.종교분야,2019,전체,29766,22867,12018,52.6,19551,15471,6895,44.6,6895
사회복지.종교분야,2019,여자,21979,16985,9135,53.8,14788,11743,5324,45.3,5324
사회복지.종교분야,2020,전체,24409,19480,12118,62.2,21472,16026,7313,45.6,7313
사회복지.종교분야,2020,여자,18228,14552,9131,62.7,16373,12268,5634,45.9,5634
직업상담사1급,2016,전체,368,276,117,42.4,290,220,51,23.2,51
직업상담사1급,2016,여자,298,224,99,44.2,246,186,47,25.3,47
직업상담사1급,2017,전체,447,362,172,47.5,310,256,91,35.5,91
직업상담사1급,2017,여자,365,294,146,49.7,259,218,77,35.3,77
직업상담사1급,2018,전체,396,340,165,48.5,229,198,66,33.3,66
직업상담사1급,2018,여자,322,276,133,48.2,183,157,53,33.8,53
직업상담사1급,2019,전체,703,584,328,56.2,406,352,247,70.2,247
직업상담사1급,2019,여자,604,499,284,56.9,348,304,217,71.4,217
직업상담사1급,2020,전체,479,406,291,71.7,367,325,72,22.2,72
직업상담사1급,2020,여자,416,355,257,72.4,322,286,64,22.4,64
직업상담사2급,2016,전체,26436,20516,10289,50.2,17522,13762,5313,38.6,5313
직업상담사2급,2016,여자,19405,15218,7948,52.2,13471,10608,4206,39.6,4206
직업상담사2급,2017,전체,25334,19484,9517,48.8,16009,12653,5227,41.3,5227
직업상담사2급,2017,여자,18809,14564,7346,50.4,12335,9799,4211,43,4211
직업상담사2급,2018,전체,30506,23328,12235,52.4,18280,14504,6955,48,6955
직업상담사2급,2018,여자,22663,17436,9362,53.7,13880,11079,5476,49.4,5477
직업상담사2급,2019,전체,29063,22283,11690,52.5,19145,15119,6648,44,6648
직업상담사2급,2019,여자,21375,16486,8851,53.7,14440,11439,5107,44.6,5107
직업상담사2급,2020,전체,23930,19074,11827,62,21105,15701,7241,46.1,7241
직업상담사2급,2020,여자,17812,14197,8874,62.5,16051,11982,5570,46.5,5570
영업.판매분야,2016,전체,6393,5515,4190,76,6294,4632,2169,46.8,2169
영업.판매분야,2016,여자,3518,3042,2198,72.3,3340,2448,1108,45.3,1108
영업.판매분야,2017,전체,6267,4662,3829,82.1,5736,4152,1506,36.3,1506
영업.판매분야,2017,여자,3058,2509,2025,80.7,3054,2233,837,37.5,837
영업.판매분야,2018,전체,5423,4061,3353,82.6,5160,3760,1437,38.2,1437
영업.판매분야,2018,여자,2668,2190,1798,82.1,2877,2126,797,37.5,797
영업.판매분야,2019,전체,5733,3891,3371,86.6,5044,3602,1749,48.6,1749
영업.판매분야,2019,여자,2437,2032,1784,87.8,2764,1995,937,47,937
영업.판매분야,2020,전체,4996,4128,3389,82.1,5725,3995,951,23.8,951
영업.판매분야,2020,여자,2765,2319,1894,81.7,3249,2263,544,24,544
전자상거래관리사1급,2016,전체,13,13,3,23.1,4,4,1,25,1
전자상거래관리사1급,2016,여자,6,6,2,33.3,2,2,1,50,1
전자상거래관리사1급,2017,전체,72,10,5,50,8,6,1,16.7,1
전자상거래관리사1급,2017,여자,4,2,2,100,3,1,0,0,0
전자상거래관리사1급,2018,전체,78,7,6,85.7,12,10,1,10,1
전자상거래관리사1급,2018,여자,2,1,0,0,1,1,0,0,0
전자상거래관리사1급,2019,전체,132,11,4,36.4,10,8,2,25,2
전자상거래관리사1급,2019,여자,6,5,1,20,0,0,0,0,0
전자상거래관리사1급,2020,전체,34,16,7,43.8,11,9,2,22.2,2
전자상거래관리사1급,2020,여자,14,8,2,25,3,1,0,0,0
전자상거래관리사2급,2016,전체,256,256,137,53.5,114,114,37,32.5,37
전자상거래관리사2급,2016,여자,134,134,80,59.7,65,65,24,36.9,24
전자상거래관리사2급,2017,전체,461,273,219,80.2,220,167,74,44.3,74
전자상거래관리사2급,2017,여자,168,142,105,73.9,106,85,43,50.6,43
전자상거래관리사2급,2018,전체,548,337,155,46,177,142,87,61.3,87
전자상거래관리사2급,2018,여자,203,168,69,41.1,89,76,44,57.9,44
전자상거래관리사2급,2019,전체,846,371,215,58,209,165,71,43,71
전자상거래관리사2급,2019,여자,227,171,104,60.8,102,81,37,45.7,37
전자상거래관리사2급,2020,전체,541,400,226,56.5,255,178,106,59.6,106
전자상거래관리사2급,2020,여자,263,204,119,58.3,122,85,65,76.5,65
텔레마케팅관리사,2016,전체,5011,4133,3586,86.8,5779,4117,1847,44.9,1847
텔레마케팅관리사,2016,여자,2624,2148,1857,86.5,3055,2163,914,42.3,914
텔레마케팅관리사,2017,전체,4731,3880,3335,86,5213,3722,1228,33,1228
텔레마케팅관리사,2017,여자,2492,2039,1752,85.9,2766,1983,658,33.2,658
텔레마케팅관리사,2018,전체,4177,3368,2969,88.2,4748,3433,1222,35.6,1222
텔레마케팅관리사,2018,여자,2196,1792,1595,89,2661,1942,673,34.7,673
텔레마케팅관리사,2019,전체,3732,3127,2938,94,4566,3219,1559,48.4,1559
텔레마케팅관리사,2019,여자,2006,1688,1588,94.1,2549,1822,847,46.5,847
텔레마케팅관리사,2020,전체,3983,3388,3012,88.9,5257,3653,761,20.8,761
텔레마케팅관리사,2020,여자,2229,1906,1698,89.1,3035,2110,433,20.5,433
전자상거래운용사,2016,전체,1113,1113,464,41.7,397,397,284,71.5,284
전자상거래운용사,2016,여자,754,754,259,34.4,218,218,169,77.5,169
전자상거래운용사,2017,전체,1003,499,270,54.1,295,257,203,79,203
전자상거래운용사,2017,여자,394,326,166,50.9,179,164,136,82.9,136
전자상거래운용사,2018,전체,620,349,223,63.9,223,175,127,72.6,127
전자상거래운용사,2018,여자,267,229,134,58.5,126,107,80,74.8,80
전자상거래운용사,2019,전체,1023,382,214,56,259,210,117,55.7,117
전자상거래운용사,2019,여자,198,168,91,54.2,113,92,53,57.6,53
전자상거래운용사,2020,전체,438,324,144,44.4,202,155,82,52.9,82
전자상거래운용사,2020,여자,259,201,75,37.3,89,67,46,68.7,46
숙박.여행.오락.스포츠분야,2016,전체,2060,1700,1087,63.9,1129,903,489,54.2,489
숙박.여행.오락.스포츠분야,2016,여자,579,475,285,60,280,228,105,46.1,105
숙박.여행.오락.스포츠분야,2017,전체,1942,1560,1001,64.2,1108,875,427,48.8,427
숙박.여행.오락.스포츠분야,2017,여자,521,414,231,55.8,283,224,109,48.7,109
숙박.여행.오락.스포츠분야,2018,전체,1870,1569,975,62.1,1203,968,663,68.5,663
숙박.여행.오락.스포츠분야,2018,여자,522,448,254,56.7,324,256,173,67.6,173
숙박.여행.오락.스포츠분야,2019,전체,2017,1655,1203,72.7,1408,1106,805,72.8,805
숙박.여행.오락.스포츠분야,2019,여자,581,495,347,70.1,399,306,219,71.6,219
숙박.여행.오락.스포츠분야,2020,전체,1568,1332,934,70.1,1492,1156,476,41.2,476
숙박.여행.오락.스포츠분야,2020,여자,493,420,285,67.9,491,385,171,44.4,171
스포츠경영관리사,2016,전체,2060,1700,1087,63.9,1129,903,489,54.2,489
스포츠경영관리사,2016,여자,579,475,285,60,280,228,105,46.1,105
스포츠경영관리사,2017,전체,1942,1560,1001,64.2,1108,875,427,48.8,427
스포츠경영관리사,2017,여자,521,414,231,55.8,283,224,109,48.7,109
스포츠경영관리사,2018,전체,1870,1569,975,62.1,1203,968,663,68.5,663
스포츠경영관리사,2018,여자,522,448,254,56.7,324,256,173,67.6,173
스포츠경영관리사,2019,전체,2017,1655,1203,72.7,1408,1106,805,72.8,805
스포츠경영관리사,2019,여자,581,495,347,70.1,399,306,219,71.6,219
스포츠경영관리사,2020,전체,1568,1332,934,70.1,1492,1156,476,41.2,476
스포츠경영관리사,2020,여자,493,420,285,67.9,491,385,171,44.4,171
정보기술분야,2016,전체,1309,965,391,40.5,579,451,173,38.4,173
정보기술분야,2016,여자,491,359,134,37.3,204,149,55,36.9,55
정보기술분야,2017,전체,1353,1008,547,54.3,683,545,236,43.3,236
정보기술분야,2017,여자,516,376,174,46.3,213,162,61,37.7,61
정보기술분야,2018,전체,1818,1441,729,50.6,910,767,337,43.9,337
정보기술분야,2018,여자,709,559,262,46.9,328,275,127,46.2,127
정보기술분야,2019,전체,1827,1402,753,53.7,898,730,272,37.3,272
정보기술분야,2019,여자,723,554,308,55.6,355,289,106,36.7,106
정보기술분야,2020,전체,1426,1168,604,51.7,779,645,421,65.3,421
정보기술분야,2020,여자,652,538,279,51.9,350,284,198,69.7,198
게임프로그래밍전문가,2016,전체,121,90,25,27.8,27,23,20,87,20
게임프로그래밍전문가,2016,여자,14,12,3,25,3,2,1,50,1
게임프로그래밍전문가,2017,전체,87,48,34,70.8,26,24,17,70.8,17
게임프로그래밍전문가,2017,여자,11,3,0,0,1,1,1,100,1
게임프로그래밍전문가,2018,전체,107,76,34,44.7,37,32,25,78.1,25
게임프로그래밍전문가,2018,여자,8,6,1,16.7,1,1,1,100,1
게임프로그래밍전문가,2019,전체,112,77,20,26,29,26,14,53.8,14
게임프로그래밍전문가,2019,여자,4,4,0,0,0,0,0,0,0
게임프로그래밍전문가,2020,전체,51,32,23,71.9,25,20,14,70,14
게임프로그래밍전문가,2020,여자,3,1,1,100,1,1,1,100,1
게임그래픽전문가,2016,전체,240,192,67,34.9,132,105,46,43.8,46
게임그래픽전문가,2016,여자,104,83,27,32.5,53,43,24,55.8,24
게임그래픽전문가,2017,전체,263,209,145,69.4,169,149,64,43,64
게임그래픽전문가,2017,여자,100,76,47,61.8,52,45,22,48.9,22
게임그래픽전문가,2018,전체,276,237,129,54.4,185,163,59,36.2,59
게임그래픽전문가,2018,여자,142,120,65,54.2,81,73,30,41.1,30
게임그래픽전문가,2019,전체,334,277,116,41.9,187,165,60,36.4,60
게임그래픽전문가,2019,여자,153,128,53,41.4,93,87,34,39.1,34
게임그래픽전문가,2020,전체,155,135,75,55.6,98,89,41,46.1,41
게임그래픽전문가,2020,여자,82,71,41,57.7,57,49,22,44.9,22
게임기획전문가,2016,전체,237,181,100,55.2,133,113,51,45.1,51
게임기획전문가,2016,여자,27,21,8,38.1,11,10,5,50,5
게임기획전문가,2017,전체,210,172,122,70.9,139,123,61,49.6,61
게임기획전문가,2017,여자,19,18,11,61.1,19,16,2,12.5,2
게임기획전문가,2018,전체,325,269,153,56.9,177,154,51,33.1,51
게임기획전문가,2018,여자,33,25,10,40,14,11,3,27.3,3
게임기획전문가,2019,전체,279,233,91,39.1,134,119,35,29.4,35
게임기획전문가,2019,여자,23,20,8,40,9,8,2,25,2
게임기획전문가,2020,전체,141,117,62,53,85,73,25,34.2,25
게임기획전문가,2020,여자,12,10,4,40,6,2,1,50,1
멀티미디어콘텐츠제작전문가,2016,전체,711,502,199,39.6,287,210,56,26.7,56
멀티미디어콘텐츠제작전문가,2016,여자,346,243,96,39.5,137,94,25,26.6,25
멀티미디어콘텐츠제작전문가,2017,전체,793,579,246,42.5,349,249,94,37.8,94
멀티미디어콘텐츠제작전문가,2017,여자,386,279,116,41.6,141,100,36,36,36
멀티미디어콘텐츠제작전문가,2018,전체,1110,859,413,48.1,511,418,202,48.3,202
멀티미디어콘텐츠제작전문가,2018,여자,526,408,186,45.6,232,190,93,48.9,93
멀티미디어콘텐츠제작전문가,2019,전체,1102,815,526,64.5,548,420,163,38.8,163
멀티미디어콘텐츠제작전문가,2019,여자,543,402,247,61.4,253,194,70,36.1,70
멀티미디어콘텐츠제작전문가,2020,전체,1079,884,444,50.2,571,463,341,73.7,341
멀티미디어콘텐츠제작전문가,2020,여자,555,456,233,51.1,286,232,174,75,174
